x,y,col
4811.4644862987,2424.77647094989,14
2369.3163286211,2296.41684494443,7
2538.44435185624,3531.51046979851,7
4024.99015267071,3732.73032824545,5
3939.90018244573,5062.18646600204,7
3819.15760923751,5249.05904777635,7
1332.75938455226,3873.67370322015,4
1965.73239534884,4215.05818604651,5
1945.00322488439,5553.0008353423,4
1855.42721894867,5538.90428210612,5
2881.52102109917,4656.30919913543,7
2924.89645673978,5730.27924498669,4
2568.58813771771,3772.9424847739,7
749.796264052288,4185.43177272727,19
2200.17622099521,3197.68167001681,4
4641.30388074811,1772.68525251087,7
1161.06453725147,2874.54212896624,4
2814.50814867577,333.413427494653,14
2250.64129195958,4021.53730660545,5
2897.52143118564,5178.68966535188,4
3087.48980739534,4726.95266462294,7
3147.54906737416,4784.01388436811,7
3903.40929144554,4588.342,14
2304.01476923077,363.376337062937,5
2951.96223213009,4423.53793684562,7
4528.08731367994,2353.05530359441,14
1758.66502227888,464.665459990976,5
4862.03799211856,1870.5274568346,7
2305.50718389561,3796.17498608296,7
4161.82261698358,1716.66989350256,7
357.643328947368,4460.50583606557,5
4302.79902380952,550.828318681319,5
1471.44445266883,850.661329275883,5
3213.23316365223,880.011789563504,4
4685.46569378452,1193.72316171032,4
3674.96721471509,5313.0806338999,7
1279.22430997408,3317.60515408957,5
2328.83368614455,2558.11028276554,7
554.899751410658,5030.65975548589,5
1954.43870784435,4739.452,4
2663.04,3425.5178435063,7
1664.80390438291,4600.51472276986,4
2644.89637383527,1836.98809528862,7
1986.68703318906,3381.94419885602,4
375.820836036036,3938.45684118404,5
4716.23978892447,4387.87930234918,19
4218.97881583949,4032.94060038494,19
4780.25786880568,1785.64725545607,7
4603.39622222222,902.791,4
1818.138,2106.634,4
1546.34413529885,2264.54113678081,4
2850.31667602339,529.364375204678,4
5276.45462392851,3775.88423991757,14
3776.53387669135,4000.74212292401,14
831.62745946657,2384.01837451425,4
1670.678,716.2468,5
3707.06115686649,2187.63733426507,14
575.65044029158,5166.97226379721,5
1786.602,532.533650924025,5
2461.26525576496,3909.3286850966,7
4070.2497529212,1430.4204,7
884.878885714286,1577.676,5
1242.39794517391,2320.4590167173,5
3209.92549285079,4851.22408040593,4
4928.11617838796,5340.31060285706,14
3725.50470527451,1261.30497382372,7
1416.85804150042,4566.32570288586,5
3967.66218597431,4549.15188122364,14
1931.434,441.130687591241,5
2222.25869947351,3665.31212142984,4
2503.90027659176,4005.39698651301,7
2097.60630690783,4133.37263845069,4
1677.64616538132,2727.17298748248,4
3784.2308011878,5083.87251835767,7
3763.85012402543,446.71076243253,4
5134.99385100192,5227.81123060014,5
4323.42774297029,3180.17377310616,19
2357.024,5293.6894019624,4
2322.71021132442,3540.5,7
1300.57348410121,3953.85938983526,4
3625.91342306213,2032.8525442133,14
4218.22704156938,3316.06700358518,19
3279.88871788649,1136.13567798607,7
5058.024,1964.2330445775,7
4513.80014654733,2177.61152845461,14
1439.65667609694,4679.4655872033,5
4473.43760093137,1720.81044485493,7
2640.17761153175,2812.2608974889,14
3528.41668035191,3786.51171260997,14
4824.24819008308,3185.85770011765,14
3070.46308364965,1128.91432535013,7
4744.39945405231,978.946395069458,4
1284.78192114628,1834.08725399197,4
1103.22811977581,3152.33506946582,5
2426.34000542802,4014.91398828452,19
4552.35161759256,4945.21982908085,14
1946.39653377832,4124.34930506167,4
1410.62560081633,3296.81221938775,5
941.112506302053,1899.83029465175,5
1083.4312848081,3620.91560354696,5
3527.40372465857,1843.542,14
1068.86939190828,1378.2767748135,5
2252.634,1359.4722189188,4
1742.80385383958,1737.56055797244,4
5187.818,3206.7490839052,19
1628.23588639053,1549.8922,4
1431.0202391698,1145.18229727713,4
1965.62653420195,4488.40523778502,5
3041.76086185447,2456.24046204054,14
1075.52372663338,3149.30232951923,5
4391.76802210118,2821.8214382263,14
4022.76215978976,5310.6428338017,7
1503.02012598194,4335.5294811912,4
4281.27707723532,2163.77766863492,14
4841.75650390314,2378.65435694157,14
1438.4006090994,1019.96047637247,5
2360.62930031933,1221.8513810864,5
1513.47332638133,2349.73331620978,4
4938.67439164,3251.28074810595,5
3547.20908924712,3435.24219959181,14
2523.57216212568,1694.029835854,5
4922.57439141283,1775.84901056207,7
3473.0337603163,5293.3227450218,7
3541.64690548201,5777.39833207684,7
3379.84360964714,4213.61164473939,7
1483.068,1312.1166,4
4035.63808543393,2083.07658424457,14
1091.97936265573,1333.56141575965,5
1927.01375225624,5530.69924281759,5
1536.81406183952,2465.42746654638,4
2157.72245314328,2364.17112937146,7
4691.6749185705,1686.48827511882,7
1123.1415,1630.528,4
3706.69084382872,362.817355163728,4
3908.99219634919,4363.21379072415,14
657.876,2170.29,5
3314.63282718727,354.989273297003,4
4527.34006156192,3325.41606046179,19
3317.99348680301,4585.05989132183,7
3620.93768070938,4243.85527880858,14
2723.80260342781,1289.38552261399,7
5251.89518418362,2637.80887310393,14
3156.49607479007,4793.51013829811,7
2619.98004019561,3905.90896216015,7
3303.41687158947,3217.96945880813,5
1090.3687986328,2030.63280861071,4
1594.46008108108,597.686021113421,5
1566.74212597752,3473.36949926498,4
1136.01864470397,3700.82672438892,5
5223.67525036015,1754.48827140737,4
4673.57772000369,5325.34984046565,14
1690.69611759839,5353.40902904068,5
2087.05944836026,4857.566,4
1649.61196418799,4168.80583368706,4
2949.6271310991,4509.24445837394,7
4647.25521291131,2478.66140958471,14
3921.15209613515,5590.29967122099,7
2637.07453331485,5824.53279610045,4
2419.366,567.754692019178,4
2973.25407922608,5753.68031789967,4
1703.48757988266,5313.22522192645,5
4966.72926844455,3046.86084441561,19
2349.42061127529,1852.50024731286,7
2950.806,2823.07358746539,14
2845.99606882991,2605.30333818232,14
3487.13896193239,4779.43955817032,7
2027.47596072167,5654.00649504188,5
804.18520587478,5276.39807840154,19
1156.247,4377.81,19
2432.87964223536,1649.51459704572,7
1948.93925063939,285.739325831202,5
3704.38342914323,4946.45811061695,7
4480.7663048947,5130.41738409273,14
4293.47802325581,932.92092002584,4
3527.86587087827,536.38666296867,4
1679.073,982.8939,4
4112.93116633339,3867.50498839993,19
5017.88597245223,1623.95491941747,4
3635.07975295103,3993.21438053927,14
3639.11932593231,5065.04518417421,7
1638.996,4124.21025658676,4
2785.09595555876,869.415720042485,4
3765.2305,340.3552,4
1962.43862314062,4493.42432762688,5
2512.55161005005,3779.72412978245,7
1440.06686036784,2851.97272656817,5
2634.41825763009,1514.91286862851,7
1669.47778886963,2135.46878027287,5
3804.50801073817,3725.57557252002,14
4310.75333552561,2558.22028509309,5
3327.84787548638,641.861958754864,4
1121.22133292223,2826.13686012486,5
3449.53987580781,1250.24519480552,7
4053.86118012886,3638.03524746925,14
1181.05941396015,5395.138,4
2954.56492517867,308.35701595092,4
1627.55110268505,3262.70011631199,4
4170.95528716127,1237.5489857264,7
1840.95969848031,1866.11559226752,4
1628.046,1383.2977149938,5
1939.10568596821,2898.13042995003,4
2274.31545822776,2519.79029483155,7
2424.6363598684,1632.864,7
4505.80209518619,2150.31858240453,14
943.171745478322,2113.42095034896,5
5131.75161187973,3751.27590186225,19
2380.32314975713,3333.23627207158,7
3385.99956752768,2157.29492250923,14
3703.3691572485,4187.14739940646,14
5543.6998762099,3907.27463378806,5
1368.03873308499,1811.65973885665,4
1357.068175,4462.636,5
5109.77668209962,1865.1104013946,7
1966.37931209895,4970.71515160421,4
3908.858,698.61,4
3521.83285714286,591.911114285714,4
2882.46358753921,1409.122027089,7
2355.0458859991,2673.56173599099,7
4263.98750412464,5839.88116371976,7
943.871418181818,2248.91565957447,4
3979.63452500903,2391.47284733299,5
5212.94005435529,2123.35374018062,7
3579.30462361619,3898.03737176991,14
3889.66998202159,4903.89955068308,7
1040.12097674419,4603.57245454545,19
4824.08318101879,1909.69719224523,7
2220.35757223767,1914.74028952823,7
2284.25395994404,4419.95947733825,4
3619.89257133123,1454.85298854442,7
4971.10044374673,3655.82281959707,19
1645.24473152669,4687.05281519634,5
488.804188616266,4965.57515252211,5
2182.75721020921,1659.2309551917,4
1983.83766813929,3311.55124579507,7
2122.2125517308,577.123831381258,4
376.306998664074,5186.93888144771,5
2244.53841767658,1995.3686796012,7
1105.93874263778,3621.94410951187,5
1302.685,1257.47012727273,4
439.4089,4280.47666666667,5
1474.892,3521.374,4
2158.05632633217,2391.34895097585,7
2642.746,4980.54836425718,4
1236.67696207055,1997.25403355705,4
2326.00410574478,3182.53575872289,7
4515.196,2289.49088888889,19
4800.81984452757,5234.11875890973,14
1355.75949639533,3049.80459793979,4
721.375701981107,2282.98278301283,5
2231.22782125541,2916.09867712457,4
1461.08768207378,3043.49920380532,4
4094.66591359174,4443.44218144954,14
2127.15433885631,4611.27906816029,4
5382.7662080036,2011.94536482827,4
1938.28083523227,1287.17856712196,4
2898.83,4016.69898884478,7
3011.41408918269,1949.28370165547,14
4402.02130572469,2445.59228250337,14
2536.28593209032,3615.37493143389,7
2174.78035200747,340.57364789916,4
5469.5624747479,2678.81723847566,14
3588.24774817885,3683.01509013058,14
2351.914,3712.68580231255,7
804.346782656827,2340.54162361624,5
1536.38536101033,2293.35669211856,4
1065.42395591567,2170.97259573735,4
2252.51746570952,1317.28849145959,4
1468.79059533898,3615.90861258935,5
3540.12797104229,836.035713088504,4
941.755257661618,1843.34722395967,5
1500.87337768555,4583.41085327299,5
4539.84271902607,1398.30643264726,7
2839.992,1059.14726400551,7
4889.86732003757,2076.36692628622,7
1422.41360078799,4135.88623898403,4
3548.77368294128,2279.77563096354,14
1529.15533333333,1365.84095,4
3570.43062326127,1845.72567738364,14
4201.44973618291,2913.08356638022,5
1017.79409361167,3210.38339285223,5
3066.70338441215,311.54723989432,4
5430.02480246378,3394.43467408532,14
3525.29569308561,5366.84473397217,7
1271.87312741312,2728.14453654331,4
3651.44504114347,4084.63469501264,14
1275.70856383946,3250.3661437927,4
2460.46637951931,3366.57297931028,7
1258.84688566463,3996.26818044893,5
3403.16534745763,465.440537777778,4
2480.81828006971,1778.27622486086,7
369.497680404517,4428.99304287746,5
4934.10225843175,4074.63010432012,19
1424.73220704315,2891.59436609826,4
1371.2814497972,3694.2351552626,4
965.5199,3441.366,5
3119.03505893161,4690.92803167518,19
1204.46810864599,3187.74704522073,4
2191.35324832795,5622.74582776514,5
1973.58932834793,2791.56986763996,7
4411.74506239169,2377.49117576335,19
1493.142,1358.676,4
2785.91014594477,2117.67899274659,4
3948.32367774499,5413.72095376583,14
1258.6501612425,4277.92479517857,5
2707.70813598224,4087.3511889212,7
1243.48621266822,2385.92708735841,4
1134.79230169544,1243.4231413719,5
4949.67838813077,3966.53741980079,19
3553.82459413313,5406.18142642502,4
4157.68065155525,5186.32938284142,7
1377.44324402516,2574.7678490566,5
4009.12131210345,1235.84529404073,7
3551.21435956581,494.523678787879,4
5019.83124703562,5712.40725547904,4
2600.68328392972,377.889478234648,4
3699.91826659155,1850.3371097575,14
3419.56824431696,3522.91843095102,14
2964.53618273551,2617.19716253043,14
4033.93011858509,5423.59738872006,7
1441.08611090459,2872.0561715765,5
2616.87498737748,1392.12518516523,7
4874.75115387598,4346.60948640675,14
2669.23570767009,4075.444,7
1657.68889354197,4494.21149853229,4
4646.2540748576,5243.68259866117,14
3509.19912892876,4386.74470391038,14
3292.12990878927,2046.36105391249,14
5482.33211078476,3711.70818775105,19
1158.20027352995,2077.29165529753,4
1412.56427912088,904.464946153846,4
5326.40847941397,2065.37021093139,7
1278.8356828553,1772.37682457968,4
424.799411879335,4106.25520437936,5
4652.59822222222,933.108942857143,4
1411.8549750441,971.474784806162,5
3189.24786646304,1110.65371263732,7
5366.02599275554,4399.856,19
1622.63507069714,2020.73357304432,4
1284.6420606356,1803.79286274749,4
1480.07579988466,902.928500802079,4
1653.93205494431,5108.66230793326,5
4247.52350449189,1506.02191458102,7
3562.00772038137,412.972587879998,4
1977.61207203589,3630.40651753618,4
1267.82296001985,2536.51273842309,4
2296.46358906552,1950.13792767362,7
4804.0119686705,1807.38739136297,7
2345.41742855191,3335.06699989629,7
4075.22561699991,1254.7327504931,7
3855.54238505101,1667.18479087245,14
1525.44916828511,4101.54698287916,4
3665.29178509947,1879.604,14
3882.85207398504,3655.7773991113,14
1781.38409266415,2657.03013974034,5
2955.98259859285,2494.47177527776,14
2133.29499370013,1461.898,4
5246.2129173792,4736.00552701341,5
1465.04417149747,3684.06123318061,5
1527.60349604733,3276.98916917096,4
3229.78687203006,1705.81361832998,14
4623.03294083616,2652.77255011466,19
909.776242656143,2016.70240684246,5
4331.71839574848,1501.90087041006,7
1616.0428870825,4322.19932844565,4
3002.46489436502,4524.06420027101,7
4674.50376493347,974.280360138964,4
3459.55081242114,3785.04410849106,14
5165.1093627922,5012.99478474445,19
358.651049122807,4459.69066115702,5
2808.34333639818,3651.09671774857,7
2837.42285355346,666.801782276169,4
1793.026,5061.87438328038,4
366.667083796754,4458.03190988996,5
5232.87853177258,4328.46126755853,19
1075.89650424271,2673.44315131793,4
4179.31354166278,3684.22595283445,5
3037.0142591505,1657.63801007201,7
3036.508,1392.36001814218,7
2974.79573002922,871.145470149414,4
2872.11668335534,4820.85514129913,7
4185.07386522911,3861.76571967655,19
3736.41172664097,1266.43190059882,7
1123.50534985982,2320.26302245083,5
5574.05783307322,3266.09069770049,19
1654.44665244284,5186.89128169446,5
3808.04559627513,5279.214,7
1908.09659251617,1873.87194809632,4
1154.59271439114,1243.20947863879,5
2493.82316458517,5257.40122516627,4
1067.86840641078,3282.37077518369,5
2623.88956560264,3809.47545717844,7
5035.38100809813,2511.95494231334,14
3586.86696764848,5680.42235793726,4
1500.48005317042,4658.66991291981,5
2792.52539898096,4275.72423399684,7
979.293751601115,3189.51719393339,5
366.752581513481,4184.1040662456,4
2196.10380785005,2494.39995344343,7
2407.06540381497,1160.53382652459,5
2335.02624870554,2395.99872493813,5
3992.78934151518,1547.0158093352,7
2819.21338991262,5632.91296412526,4
370.21585,3948.132,5
2240.51863377562,3820.10988593203,7
4552.75996284613,979.375267512135,4
1765.66599432968,1621.99237289465,4
448.888890528939,4812.87632849225,5
3746.54758045056,2222.69491596647,4
3230.31083274317,942.578424313774,4
2818.6018685194,1266.12159948329,7
2061.29387505051,1928.94309372268,7
2181.28570421823,4078.51254016142,4
3980.29038464756,1087.6427447198,4
2149.558,1194.08530023407,4
1662.34982804313,2961.61,4
4380.26745208324,3107.25180764806,19
3956.71612666155,2164.77366666233,14
4051.9267403599,5595.32939674379,7
4596.71987630184,5768.85597800893,7
1073.61807185622,2574.25512739139,5
1969.94221035292,5634.23622152123,5
2661.29707558718,1741.04675360457,7
1595.76187886786,5180.0013004303,5
5196.32825265827,3850.50159291157,19
1986.8814889696,1905.79673183385,4
3925.77531704345,5308.0429732514,7
2724.79966559715,4898.51480998217,4
2802.21617481226,314.619833573584,4
2570.14460795472,3763.60889275146,7
3835.58828779803,5513.45952409028,7
4257.6647985502,3225.15862653411,19
4153.37024043313,1349.21927511663,7
1175.40100732394,1515.40917041334,4
2012.25185482888,2712.01080353469,7
5066.90079711806,2033.89156533901,7
4232.26038358279,1781.30354633437,14
2234.5783501861,1103.9859676954,4
3514.63142072152,5051.15424006888,7
1896.23539560436,2955.20584100235,19
1564.72559565454,4829.29561859235,5
3087.04805768609,2607.2319172141,14
4316.95513300694,878.73065292592,4
1172.13558475061,3310.02832262581,4
359.858681186504,4737.38530693363,5
3283.77431862455,5764.60669088781,4
4474.6295563487,1843.81351900575,7
5340.38817098884,2910.072,14
3112.51129783231,2809.624,14
939.590517520858,2094.15848271752,5
3396.18015800194,1211.85792996214,7
3420.74779143655,1606.584,14
2514.54418748548,1612.04088838725,7
1963.3402058517,4088.93913502388,4
4002.21909718763,3251.91950536079,19
5172.33745847769,4232.42138826397,19
3358.438,5010.41018932275,7
2359.798,1205.38441146027,5
2516.57102295976,450.357371752998,5
1181.16536578984,2270.63561162685,5
1409.96093333333,1730.20428571429,4
2201.80991258628,4927.22354766693,4
372.990886687209,4683.51628969922,4
407.94738818592,4592.49407905431,5
1356.68880385365,2477.21546108155,4
2876.79831531004,2810.938,14
1228.47825270543,2517.35199230011,5
2028.36420713786,5273.88238618926,5
1773.05943507006,466.817958156012,5
1689.06536534517,2758.4079684499,4
1099.26818987342,1513.27059493671,5
1418.26100893311,1593.07345801332,4
2937.42248691009,3125.42042997615,14
1415.0367,915.344753846154,5
788.730917972441,3301.26310243562,19
4138.516,1150.4871622711,4
3867.50047125535,1154.85136810695,4
3334.57258342741,3384.718617967,14
569.534316411302,2561.96626068287,14
1212.00420793722,2622.25011200351,5
4161.07690000808,1261.29820033416,7
1743.91094219939,3699.60622617001,5
3212.39453291463,3552.53264663479,14
1692.68477236471,2958.398,4
1805.62291505291,5583.19756000035,5
2334.46399573671,2628.77947011494,7
1631.90277021018,5206.03551531281,5
1438.85531510574,1144.77429573841,4
1757.93270339283,1375.28844617085,4
2025.02087082945,472.894600055918,5
3840.76151146417,4540.34378779048,14
4216.55966482155,1199.25237932798,4
3285.3197025641,3457.83779487179,19
4994.28998339009,4847.13725270962,19
1688.18562536534,5013.25956940582,5
1761.04767219502,438.735536976781,5
3251.85708093649,2129.65803460549,14
1057.52517172282,3188.28708770551,5
1957.25512603008,1306.5542554348,4
3965.41942469076,2273.04777194976,14
3413.42324971751,465.229662438773,4
5368.20814085692,3902.57058209048,19
2745.10785179481,1639.68280764342,7
5083.40232283996,4610.55726659619,19
3724.65730331678,2619.4272331485,14
2519.60032484812,1016.62975883585,5
5441.74181149993,4252.69423161863,14
3298.11425803129,3313.52702247496,14
1250.98932,1126.5141,5
1944.01836605126,379.420590649513,5
4270.31961902761,529.670196839144,4
2985.44448927668,1239.77827674714,7
3652.94700782356,4574.18899190648,14
4234.31216494374,850.574942981415,4
2499.16149466192,307.683413523132,5
3174.6210973618,2506.06810200628,14
1476.26528028061,3138.57065838088,5
1518.692,639.7501,5
2281.97945691808,2195.07533187748,7
2867.60863849799,3500.25364708627,7
3004.48048703149,2517.59958455874,14
2400.99679379482,3565.92899994407,7
3690.4902423472,4016.168,14
907.575405048568,2750.84734226964,5
1111.60020323045,2347.37769997846,5
1178.86652417788,2260.49447781425,5
1823.36795425041,2617.34057718522,4
2252.9645381994,5089.56884046077,4
3117.00151351994,5321.93351096523,5
4394.59034099527,1459.14651572234,7
5182.49521022399,4014.63779865827,19
2517.30901924807,4439.12596035085,5
1730.31252429286,861.620601721312,4
1375.09292636342,4561.40034427245,5
4833.36008583847,2504.29476324739,14
5059.95922024939,4088.88597791346,19
1421.15777639615,2749.40522953675,4
2548.71524097234,348.867447729998,4
2326.93458558138,2407.05666997957,7
3607.12358117602,2151.66589854098,14
2925.60716821673,1952.97462411038,14
1527.48376768077,4808.12546233778,5
1656.23346557094,4870.33460434959,4
5307.50977259413,4188.05357124041,19
4633.51173123631,5041.6693584364,5
3350.61654236234,2089.68744063055,14
4528.27868260845,2567.556,19
1750.686,497.11102,5
4226.20750900434,2117.54321521711,14
1560.10611733112,3820.53879747602,5
2348.66986069107,338.006134211031,5
3584.0705367241,2215.29488556095,14
2079.12599670024,4369.50019739024,4
796.8972,1398.534,19
1054.5513845518,3189.88400824389,5
2730.39140488821,4014.39368329845,7
2802.60425779487,384.900891122177,4
4569.91281184039,4587.66054958771,19
4737.78506783699,4467.85398693912,14
1484.50651977745,4356.10628788196,4
2346.60149834334,1268.78885404318,4
1537.39957162412,3037.64460961203,4
3256.93687040831,953.347076943148,5
2017.33066666667,4560.7845,5
5058.08133725063,1975.59738010378,7
1924.7635423279,5672.17751984732,4
1009.3037474675,1837.19941654988,4
1361.49431988131,2852.93011275964,5
2439.84534550442,4313.27644106945,4
4745.2996920417,2789.12876413509,19
3391.57158406164,5247.65189798969,4
3553.69308266004,3509.50802022851,14
1886.6497032967,4320.46776368876,4
989.192631444019,3200.87229849757,5
3699.786,1909.52047380048,14
5214.00351540681,3721.8508481411,7
4025.71763206467,979.102208166056,4
4676.04304756624,1005.28426546912,4
1256.94415633787,1023.74444132132,5
989.221150543034,1703.18368761016,5
1055.03723174161,4074.77616889859,19
4415.57051537921,4057.85650361211,19
1552.16533093194,3319.33480011021,4
2346.23068382167,1585.28570202699,7
3050.03840164406,1262.4912,7
3616.92450079092,1419.27813098887,7
3382.35484511208,1213.4110211163,7
3854.76477924376,5441.69738674421,7
1148.85071506862,2959.62386823951,4
3400.924,2367.7618298367,14
4799.37341426357,4566.84556597328,14
1100.9124441266,1404.58400155705,5
2784.44981332727,3983.91447254735,7
2245.70257473067,2494.43265521327,7
1873.33140740741,4642.66727272727,5
4885.62506462585,3242.07384807256,19
2886.35252261814,1595.68771656392,7
1258.66128272102,4332.31495309594,5
3312.54694887007,2472.49782078531,14
3160.89624189853,2775.59427775327,14
3525.59296345515,5480.93005758583,5
3390.93572792926,466.608779539952,4
3743.52115953752,5192.65213758532,7
5462.37309584076,2294.08461266507,5
3732.94467923364,5026.24396707074,7
4346.85344372752,4821.2042997235,14
1249.81969957823,2582.32601302085,4
4973.10360349065,1919.35967746324,4
2445.12539130563,1721.2310401757,7
2152.96466666667,692.8868,4
1237.98920388087,2896.73551292114,4
2142.988,316.4988,5
1872.99003403414,2359.11462470579,4
4443.08262159618,4840.67570147646,5
1733.31690462239,3725.9450177329,4
1134.97631752539,2659.87764335123,4
5267.74425099509,3698.3940427938,19
3089.35848461974,365.692516380449,4
2103.21630930439,2505.63664903013,7
1461.84135863878,3442.096,4
4095.88749749699,1387.4771806128,7
3960.15171070557,4011.77187404357,14
4930.83764105245,3078.03378194259,5
5052.52080103049,3562.49708286547,19
2220.57931107389,2330.19634715967,7
398.390436738153,3695.80981761535,5
3913.37794826956,5631.05012158589,7
4114.13031320101,2002.56410191166,14
3281.07347930038,1236.3134,7
2281.25023213141,2566.73249806017,7
4942.57058371957,4370.47832970748,19
3815.79636600389,1222.62108181987,7
3320.81650023274,2099.36839452523,14
1575.83055934615,3715.97171837521,4
1237.99580252979,3942.12780056947,5
2874.156,5777.92914285714,5
1609.02590612946,3353.93990085229,4
1960.37236017764,613.178347414279,4
1062.37570643523,2919.09341088966,5
2350.67389284767,4718.69953055391,4
4578.48319385295,1881.52093750535,7
2645.40261145789,3330.0906498652,7
1503.10360186635,4629.52939413479,5
3706.60744449278,1617.53665496167,14
4573.00165354723,1301.53586848538,4
5069.32811539764,3788.38796024467,19
2681.16822418284,1547.15453395621,7
2506.85341283795,1686.15348098357,7
1902.64349904892,5184.30569470863,4
4604.78783235562,4055.90134372138,19
392.346601686117,4653.81485798075,4
1371.41289756098,4443.02528,5
3620.61660813135,994.953442376093,4
4597.73707482085,3202.37845584085,4
1600.744,2262.80092476511,4
1423.20503954707,4002.67124263036,4
1768.22167692302,1155.06035837998,4
2607.63748455756,1110.14029124796,4
4150.28935063869,3091.56693524457,14
1629.44939895212,3656.31175836295,4
431.943729255567,4915.49900718403,5
2128.56489782051,2577.94658908241,7
4443.26745222688,4835.40768114337,5
1510.66396775902,2481.35333164536,5
4773.59114753085,1879.2185179816,7
3947.37723110911,5542.72906630899,7
754.897557762271,2388.35386187936,4
1050.18247269841,3732.6652,5
3388.54209732818,3258.00286267077,14
4025.27891352215,5283.28532306664,7
2637.19660952381,396.730527619048,4
3372.62379226003,3820.10977044347,14
3152.44069284955,3642.77425035763,14
2586.098,574.855533333333,4
2394.32158841249,3010.33847670552,7
1891.8289644616,3002.83213611652,7
788.032704688254,3677.67222334965,19
4606.16256621963,3210.06222067347,14
1771.01614238543,5092.22762100705,5
1860.36238479712,3655.86811678925,5
3287.51626509439,979.473879073009,4
2225.81380280917,1508.9392112367,4
1823.60789977529,3888.2015891434,4
3193.99054361326,3293.55727104232,4
4410.879,780.3043,4
3876.227,384.762925,4
3713.92803995547,4728.502,7
2393.68750754702,3107.45986809455,7
3499.2291012299,634.263255629139,4
948.599533211669,1907.80590917471,5
2082.74401675071,1491.18234630656,4
1679.96927636888,4750.66855160647,5
622.950852602804,4280.12584394108,19
4842.89259913382,4246.47529772095,19
2576.12694871795,313.650302564103,4
5252.53876079347,4896.87117619603,19
3224.118,778.2384,4
2309.282,5120.20961826528,4
1591.49960360532,2397.28960386542,4
2604.09238925092,3728.84243221359,7
1569.2956,653.2478,5
2361.60382485158,319.756576494946,5
831.455749001406,3210.978,19
3961.60815266638,5257.04100418954,7
2504.17693191643,2764.79623325987,7
1142.55433921024,3802.07389017298,5
4232.86449487349,1580.87389386673,7
4115.84491051364,2918.64333043402,14
2254.53344064464,1074.92807937792,4
2171.27073149627,4678.78481673759,5
2165.98930618882,3096.69999147928,7
4958.27282875959,3827.4533776522,19
829.498076467151,2183.88638696037,5
4334.08997351442,2583.39874211038,19
1157.42142529665,2438.8471868962,4
3998.90383858883,2100.6995810274,14
2012.756,5058.2978110684,4
3972.59926611316,1711.95665392451,7
1760.78109956457,3968.45976263683,4
2974.17737203505,4393.29209627128,7
4476.88017204358,5765.76375802994,7
490.868452291084,4933.08335779495,5
1589.79125770098,2298.22255323286,4
3067.36323537298,5730.49573383455,4
5156.72,2552.84412463213,14
3559.532297207,5018.71358202899,7
4012.51884848485,653.223775757576,5
5247.75926700983,2409.82382201206,14
3271.11533501429,872.737242447663,4
1294.39289084387,2360.898770847,4
4835.61463516824,5123.96447977876,5
4724.268,3500.7588,19
3571.73055604579,2813.77017892367,19
4770.52796075423,2483.37704032551,14
386.348882882883,4058.53562162162,5
4454.71686417893,2101.33877154033,14
2218.06907524033,2513.13314388936,7
5397.48483095707,3384.87128508726,19
4671.57078046087,3251.66687461219,14
3418.90769028225,4002.96563914889,14
3207.01076727202,875.103564651583,4
4240.95881703647,1399.65166756325,7
1210.5517,578.64764,19
3591.15877531271,5388.71047895543,19
5279.29452636763,2750.35629653977,14
5178.62588735054,4969.51074733218,14
1071.6984,3428.08,5
4176.85013334738,2597.1105708999,14
1563.70811756942,5110.04348124005,5
1607.82293754647,1417.85654681155,4
1794.11383210915,5575.61213326637,5
1858.21339629301,2908.44246060811,4
3957.23306942529,4642.49484321839,5
4987.40939437062,1336.38480751632,4
2498.7725816621,1823.6452615734,7
2340.33554870582,2717.69424507039,7
1775.22723549376,2891.17042328388,4
3558.96733550489,2081.89189837134,14
1781.827157637,4237.45345801435,4
3105.93447502787,4340.97461711772,7
4995.27074543414,3821.22840449534,14
4924.34903067459,1296.4601890375,4
4152.1199383371,1523.94920666391,7
4423.22878510242,4481.41667539118,14
4242.10260910804,5121.46479059454,7
2045.99537940668,3561.086,4
3722.24388916877,431.377741561713,4
5145.05651003745,3523.54961447234,19
4795.01860207247,1753.23199641143,7
400.324214642801,4139.6190300708,5
707.1802,2458.494,5
3023.4954243184,3187.35802295964,14
5388.24863746131,3537.33071640721,19
3746.4184,5614.357,5
2800.54585276853,2702.85204461104,14
2814.37441271763,4126.8759045744,7
1779.9955,623.9237,5
2478.496,275.175933333333,4
3190.64173022776,1426.20378570234,7
3839.959993937,5464.81858318555,7
2217.98112770463,2087.75646899219,7
4419.712,4393.99972175061,5
5410.8997934056,3987.12485763664,19
1855.6217015715,2169.08206918778,4
2765.89415503335,1368.21969094904,7
3071.548,2846.42247446297,14
1813.09718139747,3740.13708111872,4
1330.27356183486,2966.77831070336,5
1591.39342267799,2887.50325226629,4
4786.4074193966,1824.32058475312,7
1598.55239282811,2604.64490854031,5
5173.50125262562,1837.85384893283,4
3328.39342142653,2367.68901127397,14
1047.69037796455,2954.99315099008,5
2490.52111026339,1605.80769769065,7
3041.70517760394,2635.56967023413,14
5113.61668598649,1757.96129251995,4
1782.09266863678,3908.566,4
1780.4661208288,4722.24944039526,5
5366.07646508366,2716.64201721784,4
5018.33364038913,2029.90529250569,7
2816.28293299879,2900.38044655803,14
2789.15114763887,3752.99814550496,7
2141.13014750411,3285.05456767868,4
1149.86081138474,3893.87109348689,5
4576.62012864714,959.899506414301,4
3772.22446153846,541.6162,4
5128.55653837188,3967.89442516528,4
3530.83864924351,2664.51445965111,5
4070.97549953423,5475.84868367451,7
2539.40279721693,1240.78058626598,19
1474.95036750953,780.77596162658,5
4091.79327101109,4509.12682979446,14
2317.74643782486,2039.49380976692,7
1186.29676225141,2034.88155333305,5
4652.86840928696,5710.90491454305,7
4430.11846729581,3188.45246366073,4
3967.13558676228,1253.80856691926,7
4036.17,5285.02613074631,7
1377.71812877538,2827.52011579486,4
1717.86100385185,4188.448,4
2555.69255285642,3807.8556258366,7
2661.28926151902,4110.922,7
5311.32124343094,3551.53060996296,19
1613.05995793796,4019.69405129084,4
3882.52476294669,2111.093053088,14
2060.74183286905,2056.51243765963,4
1350.61199008118,4385.29651365314,4
1330.38453026097,3943.55696761137,4
510.167615179139,4923.09822857659,5
1432.33478658869,3563.30797620225,4
1816.91267995214,5210.12769410389,4
3110.89704587001,1274.16563994016,7
832.967450712951,4856.544,19
4180.491,5110.584,7
1031.47512942399,2597.55887170991,5
3393.23467551632,3419.05703129556,14
1517.18333333333,4010.474,5
1342.19843895079,1097.83266012091,4
2032.61278033158,5323.744,4
3064.85272598279,1233.30618690169,7
1531.686,1086.84736,5
1392.86160331644,2725.21180390757,4
4166.8217764288,4932.60616345869,5
3826.87102452319,5443.58367585922,7
4732.48457920763,3754.74236350475,14
3534.44008933038,1203.46501340459,7
2381.23210886054,3734.67195719845,7
4896.09838947384,4862.14899480933,19
4058.77735515633,5580.57999629768,7
1368.16630404737,4141.71176676407,4
4236.79803644407,1409.99234866469,7
4642.69483127572,950.893322925795,4
1152.79163076375,3220.60559999873,4
1950.94750280785,3269.71148201254,4
436.218216317264,4688.71717556216,5
3067.752,4578.61088342554,7
5061.6790413272,3017.49499764284,14
3528.98503708353,1826.03495988246,14
4935.07965988607,2558.14265641031,14
2810.74623366697,4393.67640661208,5
4143.82038266231,1448.61338962425,7
3604.35140263165,854.051537311478,4
2308.50469716772,3888.83733815526,7
3203.18145011759,5175.74830450804,4
2221.411531001,5014.39939267928,5
1721.01884922454,4535.95337991624,4
5514.42602173161,4008.07371504063,19
1294.93439161892,3147.06470548264,4
1101.90028645963,773.213651304348,19
5029.5006055091,1368.92040395147,4
1600.28977777778,4903.21090909091,5
3994.3245990876,1549.24641998432,7
2111.51664689017,2855.75888177247,7
1967.69422783724,1564.82662512156,7
1033.64136769759,1578.844,4
3947.56704347826,795.739790846682,4
2281.10238596234,2505.92076026519,7
4693.02806889167,2017.02783561571,7
2709.59749940828,5027.36477830255,4
3293.22670251625,3194.45198022722,5
1098.52224201244,1355.52987608558,5
391.9808,3662.994,5
4309.628,947.442666666667,4
1314.15801910972,3116.37041941342,4
3009.32340478655,862.768751168181,4
4928.99356655752,5114.06954877706,19
4782.158556333,1610.5564742891,4
4529.16383766288,4686.746,14
2358.6950697871,4325.27703275992,4
2833.4101284773,3998.84880760801,7
1808.74422085313,4070.76231565806,4
1114.72789590272,1566.10800859107,5
2115.41586703605,3443.09832467674,4
1916.688,5574.78824890536,5
2492.47450792922,4388.16288410272,7
2309.51508875976,2093.77662774605,7
1969.04351055931,5507.96901338376,4
4980.16884538189,3157.14593880861,19
3636.18572811446,1184.99259409707,7
4562.68649422428,2951.00090414308,19
1487.64605716966,3284.56259981239,4
2340.06413691824,1658.56905599317,7
3912.63310908373,2083.54824394723,14
4924.75805887873,2121.12864307165,7
1393.06316057091,2668.16582150195,4
1960.97144789386,364.771469668969,5
393.97401320132,3691.86562046205,5
382.783769500626,4046.13101354334,5
2737.03064730159,2858.51139326295,5
2484.73544131156,4257.0227281961,4
5043.92849763039,3094.24973692479,19
3500.2790331822,1303.84455755458,7
1016.21742666667,3482.53410666667,5
5467.93937582372,4255.38035000705,19
4722.11497402606,2465.58227068486,14
1694.9724,313.873046153846,19
1904.99214324918,1943.844,4
3446.65339634529,4098.22962220261,14
3928.16574175055,4363.06516976169,14
1028.91581195079,3289.44053772839,5
4245.62083026422,578.394069932337,4
3130.21329837569,1225.75447134375,7
1484.19980144461,4516.10211578807,4
1430.5356233626,2665.1731584081,4
4369.67563851106,3235.798,19
4937.36993973635,2501.856,14
4312.92458815995,5529.312,7
1014.10152590545,2615.19702380167,4
4961.58787770252,1722.17412410369,7
1479.73057384322,4392.83734050524,5
902.345586718438,2801.62011222475,5
2246.90714576074,5162.13546977731,4
4216.21543265603,3364.26055021161,5
525.744267684863,4826.35913789598,5
2139.78535208082,5622.86874120782,5
4075.38801466767,4054.95688596464,14
5208.76002459016,2228.76156393443,7
4651.92261437908,4018.90591011236,14
926.750613654192,1797.114,5
1270.52111250683,3152.98480223569,4
1954.56041227965,274.599232873891,5
2779.81471548707,5830.38485234733,4
4493.01330498593,4260.00370734312,19
1304.062881478,1763.82424417732,5
4900.87924602049,2642.37729533984,14
3752.41730404908,2079.624,14
4437.40192961688,3303.26986845317,19
3075.23094511825,2603.8968496327,14
4770.7085100638,1098.19970352495,4
4122.4787614431,2128.00950685392,14
1037.59830178714,3166.53528388238,5
4237.09014398025,2151.44800584006,14
1053.54609506967,3267.38448752507,5
2275.09382407948,4416.56258397797,5
1370.19233719434,2563.6963011583,5
1965.04980273074,2438.22172547399,4
2065.9,404.838533333333,4
4399.10755054909,1514.91835380556,7
2732.2013591902,1392.07690185089,5
4824.6478963113,4668.97250274094,19
1309.84026956522,4479.94186666667,5
2599.09002810588,5394.47123010057,5
2009.22842270166,2139.13652782914,7
4219.52041158238,1368.5970302294,7
2140.6048176057,4863.26,4
3909.81636937612,4449.53979113587,14
3021.58588346312,2311.20671465216,4
5418.38252249207,2085.78813663146,7
4145.47346577094,3640.95120387174,19
387.2182359081,3676.73380021747,5
5333.70286466723,3241.03230650666,19
1148.804698816,3889.15565185338,5
5254.61798080273,3316.29147001996,19
4117.27410027129,4618.19146699806,14
2568.83304292668,2182.41590112696,7
2385.29946185333,3842.73825427656,7
2044.51150344828,466.885915402299,5
2768.30504594412,1551.18354954999,7
1245.30408,2575.36676825397,5
2140.652,4938.012,4
2291.032,4020.45520767428,4
1858.68050476854,1446.28665585798,4
3231.9907608919,4918.22667184161,7
3924.02133676585,2417.76849501843,14
844.926640378549,3795.4171360673,19
1196.23820548785,2852.98578774662,5
585.823436196488,5012.28436956458,5
379.59708,3942.292,5
2710.23457907177,2558.44059611883,14
3020.93436810452,3467.00970785356,14
3327.56327490722,1728.92383861022,14
3663.432,3235.79329032258,14
4703.63313298559,5743.66584643472,7
1121.47088648156,1875.49711643791,4
1684.11161611278,4341.70918468197,5
2374.85170964978,4897.78522402,4
3613.66917111232,3769.01891185842,14
3307.93939357785,320.74471583671,4
3775.21978748417,5201.40392736178,7
4314.38882193422,4876.68164393695,14
4427.67686970754,1526.56824771735,7
3182.57847076833,820.083236389561,4
4428.78144559884,4132.40498322822,19
1198.36382491083,4006.84874095646,5
2160.14197191596,1291.39546071404,4
2287.6396787086,3363.07038233609,7
1891.99937924748,5492.9954322562,5
2741.65765354634,3531.69121801225,7
1763.26650447868,1712.35672641038,4
1249.39860290796,4209.75796510156,5
1417.346140098,4287.53002426707,4
2603.0209458525,3442.91841663756,7
2667.67898239257,1459.2009455215,7
2017.33813616899,3206.56434961983,4
2349.86494218277,336.289510891506,5
1025.1904655336,2584.34210036092,4
520.229894641631,4965.15531806662,5
3016.01717564499,2875.52871483215,14
3438.14807583742,1215.91837973124,7
1387.89968208521,3190.01823024227,4
3715.05024687382,1789.71630497891,14
3210.94961833748,5004.51295371877,7
396.929858346334,4306.99772230889,5
5041.73622180685,1347.70539626168,5
2122.22680525647,1529.69002824308,5
3348.83572591641,3259.3303499359,14
3231.28614499498,1478.18969085546,7
1081.19565537203,3319.89402253607,4
2366.33601184768,4227.20288690764,4
3690.15,5149.493,4
4111.36905683796,5201.29143390879,4
2461.48528695401,1970.22692450985,19
4492.74402875139,1542.3004096714,7
1471.01384418403,2874.58607124082,4
4245.55124516271,2217.39723586682,14
2557.6888101345,1235.57761831384,4
383.76315729266,3875.82552597865,5
4396.7382534168,2273.19733302873,14
2191.8717519058,4679.08987550202,4
1956.87149511949,3106.19228286689,4
4402.76936363636,2865.80745454545,19
3325.21952380952,3425.452,14
2516.821,602.71136,4
1618.61672454345,2515.37883456059,5
5430.03923518967,3015.13944617276,5
2878.91859996312,1577.69893650517,7
1054.86677703924,1294.99766707566,5
1257.78682354037,4105.88672053872,5
1585.42635189889,5052.26191160754,5
2945.22090815244,1863.10952853069,7
3068.11937010281,4597.06374498236,7
352.809,4923.558,4
4396.49118791927,2956.35855541449,5
3076.804,1183.00379326542,7
3957.476,718.612,4
3539.24859433883,3333.55320803911,14
5333.16180592151,1906.59427059641,5
2952.63954463561,2699.41817818687,14
1970.708,4246.72539832857,4
4838.17941132105,2020.39696862158,7
1167.96073038282,4029.5921922433,5
3693.44664582721,5404.4351051965,7
2105.68288045444,2116.89537961854,7
885.32308847829,1871.81191372794,5
3505.84625716181,3725.29208292881,14
1442.07033389262,3966.09,19
3837.76648157547,4407.58904543522,14
5387.929133824,4536.4871518587,4
3359.91852361966,3448.35723041035,14
3595.98,1226.20150881148,7
1186.11587735349,2595.82962438876,5
403.513458032656,4692.53019710607,5
3932.83215075177,1931.90875850061,14
3277.39889176387,4600.15038972022,7
2076.0184259421,2643.50367316223,7
2965.65759395738,5241.95048818645,4
3303.99463092768,4767.1775038794,7
406.464,3716.576,5
3862.23926079248,1297.98667652662,7
1480.04992794127,2746.30351688876,4
4499.75417917283,2115.65728678324,14
3676.65785086266,3089.0461444125,14
4173.27614851802,2824.1689776101,19
4641.08878312535,1772.54921792473,7
1410.46241556735,2388.75803177715,5
1289.46172153588,2701.438,5
1850.112,5781.36883028257,4
1022.19340400916,1558.1002932417,5
1257.3602220393,3098.49086010172,19
1160.84339439467,3600.25385407993,5
3033.3970768197,4371.094,7
4783.44314600524,2553.73538282192,14
5173.97194075992,4782.58798292056,19
2836.63427507521,2025.32011201036,14
2006.08866666667,1633.78866666667,5
1470.658,4544.104,5
1408.81555873192,2133.352,5
2290.36763145637,2102.06198984812,7
1255.0606726379,3371.44935369857,4
4661.99575919231,2949.57728981721,19
2517.08866666667,3073.20266666667,5
3023.03713901903,5074.98833560197,4
3348.94433809924,5693.2264850014,4
1289.08446075676,2887.07778918919,5
3545.51377763593,864.647194517241,4
1690.388,558.277849296031,5
4180.56170310207,1385.92532164601,7
3274.65961403509,5662.79134736842,5
2504.59270943827,1571.66226915762,7
4440.15213482153,5715.63702473201,7
5391.2004571763,2131.52123157753,7
2372.68153877755,3427.12719468397,7
2324.77263567281,3188.28113906847,7
691.31,2366.368,5
2273.25349200036,5421.95218972896,4
5517.32881981982,4119.88784684685,19
5523.79100377562,2773.53366930241,14
5465.10393127122,3717.51437957593,19
4713.30691955154,3297.49199222031,19
2099.96346576873,2707.3174178126,4
475.625130117088,5105.60671147605,5
1844.0900550972,3871.10056048105,5
403.531707698075,5115.59501482095,5
2744.59512641649,1660.65511392789,7
5470.05871598185,4102.454,4
4357.88513949354,5762.97015269701,7
4011.34361923595,5127.29004982131,7
1971,313.8854,5
2766.29740482196,314.53635192951,4
2508.86354836284,2038.11563249558,7
2650.15269189552,4201.94171835643,7
2755.91420668092,2913.01301394727,14
5279.45905118425,4266.72944138681,4
2277.22375311499,1929.64959694788,7
1468.468,3512.74627372954,4
2854.48127660026,2704.03289237455,14
2931.49563691795,2543.84409032824,14
2452.8,751.101866666667,4
3145.48032674195,2334.87158860814,14
2420.315,698.8436,4
3791.95083000708,3016.60073220714,19
4917.61860404484,2874.87837624786,19
4487.14208086321,2216.45122623102,14
1776.02371398733,3975.54854290931,4
556.057920396152,3349.82007303171,19
5283.528169037,2699.3385866391,5
4856.70088399612,3535.3584366647,19
1306.97507461056,4087.33761150946,5
532.194333333333,3484.4944,19
2585.12874622265,406.362498334924,4
4131.76125512768,3691.02192547587,7
3300.71287015416,1413.48018264404,7
982.156081713704,3275.90752160396,5
2122.548,311.2136,5
4316.66480908682,2041.46875848643,14
1690.72110524765,4483.26526452868,4
3500.16260161714,4728.63044861451,7
2515.82907537031,439.605752304453,4
2498.49751043677,3376.22247361871,7
5034.64027961719,1305.49257557747,4
5171.55329873129,3456.25686115364,14
1378.66244654838,3682.61174429419,4
5123.39218275468,3450.75646995502,14
2051.30264547729,4483.15670429031,4
4678.64980973792,1356.75277503216,4
4565.16972725927,5726.53736030321,7
2027.064,308.7316,5
3073.592,2987.38569960751,14
1413.82839998365,5042.20253692901,19
3232.08383715547,4608.25104613759,7
569.480672381635,2562.01570800064,14
5467.41299628237,3841.44681001324,5
1668.57065454565,804.843883848641,4
2105.466,322.0322,19
3094.20386850985,2910.09842561924,14
2689.78466216895,3219.32469291228,7
4722.67790413943,2760.44013071895,5
403.346177461639,4087.8587175948,5
1010.40776976744,2735.94493023256,5
4341.03773025794,1981.95162351837,14
1301.41465726823,1496.94668556916,4
2441.4709122807,5276.10957894737,4
4299.32453803028,4910.44509316345,14
1070.93794605191,3346.04468678285,5
4660.04182707012,913.642175191153,4
1778.57322347089,2448.90187161008,4
1930.42489404296,1191.30319760833,4
2825.1,4584.21517727866,4
3420.23952103837,3305.91771693105,14
1332.71277229877,5358.27665963061,19
3117.91706324371,3760.70446607582,14
3720.18444360388,1308.15583280606,7
1242.09015527286,3405.34992371376,4
2713.99966841717,1118.56010750747,4
4256.53637831127,2799.08606982046,19
4531.67506485898,1115.61007921834,4
1854.2710714349,5718.07995601418,5
2920.98909663826,2839.25357270648,5
752.623545836018,1466.12374260611,19
2328.22679703283,5734.71053769012,4
2571.68790934782,3670.67041204771,7
2345.43747439096,3847.22775310423,7
1769.12622778889,1316.75082397182,4
1971.05527629713,1164.3383242969,4
3478.01171553294,2380.42884003721,14
3067.45138525403,1317.24957921572,7
3654.30080233093,2020.64,14
3784.35655398045,4441.78660292352,14
1294.12807272727,1313.5255,5
551.958456810631,3406.07159136213,19
2759.71777928693,266.205959388795,4
2844.74421409395,4840.046,4
2114.5917659903,3872.27960544573,4
1597.13495927602,4951.90042433384,5
1175.05068094917,1386.72954912081,4
5152.03069344282,2019.20963061291,7
3570.96329592847,1461.03486013993,7
3317.63544239647,327.892512971159,4
1406.65789976758,3794.60710642136,5
3688.84377183144,4283.77545748309,14
2919.68794867525,2887.11181100359,14
3788.16013591276,1034.92405419548,7
2834.58978533932,1332.11136599945,7
4452.29632252775,2340.93108831081,14
2349.33795900535,2511.61909714289,7
4003.42279207631,1144.51200555213,4
1201.22516449416,3847.05550193756,5
2074.44778220852,2247.4890990631,5
1749.16976873038,4633.164,4
3313.95751967545,2431.12656997945,14
4349.63046949355,4707.51662599545,5
3570.3755913864,4245.66622944974,14
808.223177017281,2353.69488007177,5
2938.69848119918,2905.06199445023,14
5113.06327612858,5184.01776978373,5
4655.04509329144,1770.85416442359,7
2880.82960225989,690.281120677966,4
1138.2238349104,2644.83737657297,4
1545.702,1774.67866666667,5
4828.1949778635,5191.50188024148,4
3280.23145947539,3157.56914777066,14
2104.87487357632,2301.22941651623,7
5518.31445980659,3358.06993755067,19
1366.38219822565,3828.69477390515,4
1805.03357029272,4872.91155976803,4
1740.30184210852,1909.58580435194,4
3965.62429701216,3087.62713553111,14
2353.44738099925,3717.61093658458,7
808.233611966664,2355.44015958328,4
3758.82181382377,2597.01089562449,19
988.98972935046,2718.5686311517,5
3877.48702618178,1747.2122538291,14
1522.02696668762,4787.88977121307,5
1564.9752695491,2980.30808276316,4
3670.24621101022,2718.22606960842,4
2583.86467581491,1236.25609606444,7
4623.77393582888,1127.68217807487,4
4225.53487112659,1532.73467470247,7
4282.30686218871,578.142028087391,4
3886.76844788964,3308.13433246862,5
1759.10962838039,5311.73550895741,5
3096.71107166992,2000.25881526426,14
1380.54838199461,2542.48051967655,5
5074.084,1442.3666069571,4
1366.21507204585,1768.06548125191,5
1691.60605793138,5148.21807285484,5
1298.77409829057,4191.08329915003,5
4606.96402363957,1797.81155538928,7
2764.49935031535,381.089170523452,4
886.37685231336,2171.75421990465,5
3421.84578250139,2934.18808575383,14
3664.85032348484,5450.44466116577,4
5125.18643484931,5704.79152558851,14
4659.01911038107,1040.58921794425,4
2699.30397515505,4224.03722218211,7
1208.31082838678,3081.62509940666,19
1310.48972055144,4013.19141258961,4
3222.46660703129,4658.11764802394,7
5181.68341136308,3713.06744711543,14
4047.2419507154,1767.55458697445,7
2019.91888460501,1133.42735534922,4
2954.36136756547,2197.10657190397,14
3126.61977555625,2606.74309182545,14
1151.78685006428,2574.95680716216,4
2558.61642664323,4464.30164797539,5
2256.24861048407,2062.16416239773,7
3443.50245353861,3910.38779672329,4
1338.62365082923,2105.93733607561,4
4824.4555197312,5141.94233809805,14
1258.57920736598,4285.22409083662,5
1318.65766937269,4344.94760885609,5
1267.65588440852,4264.28068139708,5
2122.694,328.2737,19
576.839004883713,4852.748,5
1961.54730566474,5141.13320421846,5
4606.63097566468,4755.8641591762,14
1432.06889088146,2155.32100607903,5
1032.4536,1001.122,19
1812.63967950648,4192.56238978941,5
1321.87308836452,2494.0625613713,5
2526.53728671149,4596.10966811584,4
1637.83114532232,4072.22329540374,4
2735.84013198201,1432.047407179,7
2932.451799591,326.193871779141,4
1551.87582529608,3708.64892959801,4
4563.376,2848.9372004974,5
2006.01123105411,1627.99043052714,4
2352.17928114688,327.612731114508,4
1995.36703383433,2142.66799537849,7
2729.34575202535,1821.12052834697,7
1848.68042618693,3953.80385744324,5
2864.928440328,4191.63985002883,7
4291.91837761781,4346.64583847098,19
2936.90432566735,1763.9799386207,7
4420.66761608318,1655.72910887149,7
2396.10998355269,2592.24110287463,7
896.58434458471,3715.77700862175,19
357.125037064492,4436.2849504625,4
3267.772,4701.50902028353,7
4163.70758743057,2938.9615666104,19
4471.41242693408,5786.85764269341,7
3660.63077389654,1897.27062218635,14
1646.19513830995,4427.59705854228,4
3702.06189510592,1233.67674411865,7
3233.66972817011,4647.89160681173,7
3713.31684405026,5338.59844789357,5
2222.35978379125,2142.5110534774,7
331.8288,4867.056,4
2308.93453969095,2113.69501944219,7
1755.95465035388,3050.14868413525,4
1420.55761015172,2859.75702135506,4
2913.66983901725,1239.92893181893,7
5564.14437069021,2979.21392574974,14
2430.38796554605,1610.32011332104,7
2275.03548799284,3980.75554588813,7
2294.91142857143,3049.69666666667,7
2535.91274478065,3605.29981680871,7
4112.90527806307,1335.03747417997,7
3983.70903041329,1180.99145926336,4
1754.39994112661,2734.65367245491,4
5196.5389626857,2174.59576108712,7
1346.89333518735,1878.29348777157,5
3848.57705132146,5292.91236815315,7
1264.1993236728,4257.45495524531,5
1954.62357741184,2771.72376873764,4
2341.58695254194,313.834970058667,4
2421.71070457569,3118.33702678403,7
2651.62977831014,1366.74395467073,4
2710.782,1211.5883,19
789.247233663366,2404.73612541254,5
1483.41502438349,2714.84656097977,4
1985.55928346056,729.324935750636,4
3342.09598590265,4274.34875850349,7
5047.06217671543,4719.81403311007,7
738.428369163952,5091.24066449511,19
4471.0900047392,1558.73746255044,7
3366.07269691437,1371.23710687914,7
3073.36257743754,2930.68274764773,4
2217.53168912587,2140.73668031744,7
2195.4510032034,2579.42498656225,7
2200.31460822557,3894.09363673158,7
1855.31332354629,1619.39346564826,4
3088.24868598527,2469.34094834503,14
2023.81988150624,2831.86845114849,7
2190.79932432627,5535.75792684208,5
709.56,4353.50375471698,19
2477.68680978822,2398.00384688138,7
3117.26995626476,984.8576,4
2960.90072184052,4329.73509063164,7
3438.13579705103,3856.16268727461,14
3698.25781504492,5305.05905196468,7
1076.32770637186,3532.94839088777,5
1790.23604828847,433.691154121443,5
4402.777857708,1598.61758233741,7
4407.09080715731,5428.1580907865,7
4424.61013870384,2994.13025314283,5
1386.10750168847,1852.15197219599,4
1098.53173282747,1903.41809565104,5
5453.29382531811,2882.04537081186,14
4512.09522808346,5024.99615646029,14
2984.88742269595,2331.56991708474,14
1222.6881698431,3846.92081321438,5
3166.49559243533,3160.65592772005,14
1842.98004703107,5555.46819895211,5
1321.16482199076,4281.47415548673,5
5177.51384225717,3618.79008828905,19
2647.3314346994,3525.6066763381,7
3478.86411658381,1125.80772640439,7
4452.02449488761,2992.72049013786,5
989.734620400003,3312.81981471315,5
1468.37066666667,353.748266666667,19
3884.22287024581,2884.54107478574,19
1433.04450612302,4235.18280308556,5
2458.42980990073,3601.66516792194,7
3230.8514685278,4620.32085840049,7
4363.50788794425,4475.51316443185,4
2092.45266743401,2168.94693323889,4
3135.5362294839,3482.1,14
4457.64459783782,5223.92352879876,14
2044.73270994161,1455.05534047499,4
1794.80181935668,5517.88492019882,5
3644.54224329188,4908.44857656786,7
1183.08324569431,2524.1744830268,5
1776.7369621637,4670.102,4
1983.76705668672,4641.71281741223,4
5216.142,1795.40566015937,5
692.711334433369,3072.48171261229,19
1620.98790298012,3198.06679655813,4
2945.48465871725,2929.59986876847,14
1336.01593183631,2988.82059224712,4
1614.94243316155,570.527852752172,5
1396.79878795874,1623.00529363472,4
1990.50525730172,5493.90029733493,5
1927.76332118461,5416.62153750275,4
4269.55751356655,2116.49901419401,14
3465.84700358523,4082.63584693155,14
2055.80650230318,4916.72414107889,4
2855.38249552706,2917.98444918099,14
3200.9005936308,2560.82077901616,5
1885.46299417476,4101.4050555445,4
4004.2957798195,3297.86710122752,19
845.248511557789,2056.0318974359,5
2084.7412418792,1767.35734292256,4
1380.19566638548,3625.97709627728,4
2948.98902495878,3023.33372516584,14
3606.11245137459,1751.60625517774,19
4470.28820845974,5012.03273338766,4
3246.63332213106,2479.73322991909,14
1681.38791495255,1976.10142070161,4
410.454633528516,5001.32054739396,4
1825.42289239902,5624.37380035317,5
2245.00269230769,4582.429,7
3571.26081720616,457.391126478923,4
1231.90068213659,3969.0472619924,5
3007.60924668224,894.853942393435,4
1866.2405612147,2980.29107435969,4
1927.46831949034,5321.49587134989,5
4842.2751828743,1574.32560794417,4
1734.626,2609.458,4
1823.71025544866,4406.35097454453,4
4020.95853671945,1057.77358784888,4
2116.61775331881,5308.17996756253,5
1410.725,4208.158,4
1860.36508265264,1457.74194276713,4
4596.9178834586,2825.38494229571,19
3488.52730712378,3227.0546081839,14
4082.25241093772,3210.96967983825,14
1066.37158492204,3230.04500960955,4
2397.6905787614,1148.11988988975,4
2163.1322426993,1679.36557289269,4
1761.8855556496,3287.05494813919,4
4854.98861318516,3128.86382231976,14
2910.75281977359,1284.64350202678,7
3771.31348143713,2812.49064517407,19
402.142968989979,4667.49153310398,5
2630.05686077779,369.037568252284,5
5054.43001477919,3755.65655886109,19
2955.77,1321.38537800969,7
3019.3384,2759.911,5
4300.8567215178,4516.81525315849,14
1332.332125,4910.99616,19
3936.44947351872,1894.11914587355,14
5372.45266030488,2571.85622717973,14
1605.20739364008,3277.60326481151,4
2271.38942776455,2876.19091467344,7
2488.74384313595,1587.467317438,7
1153.8661768337,1236.74462354925,5
1275.46262265545,4074.0791440251,4
3211.07253389257,4761.06711531335,7
1235.26794031611,2507.31846677173,5
5004.96556899594,5073.53533898223,19
1703.03405795139,5260.78081660507,5
2567.86878291815,278.58046975089,5
1152.45723860092,3292.32542511316,4
5583.4986135127,3122.44095921452,19
1993.192,2827.58369506441,4
4714.34657713081,3241.64102302893,19
2360.77463899371,4524.94206346484,4
1314.44436789445,3133.1191797412,4
1481.619536607,2527.26971599212,4
4108.86083112368,1351.79342041899,7
4512.08039870019,4729.232,14
1665.43955914247,557.71163793803,5
4956.260994977,4308.16106778213,19
784.219533333333,2477.8755,5
2142.99248492807,2838.97,7
3088.93750841779,1276.20440609008,7
4701.86926368512,2954.981083604,19
1410.78097505352,3214.08668483587,4
2808.20363442356,1635.38780800192,7
1684.72303649991,2097.874,4
3228.92561867043,4616.48645580081,7
3524.383133464,5582.20886551901,4
1183.8848,1982.534,5
1905.45344055055,332.742090905238,5
3799.22263866371,1016.30616880958,7
3980.617,531.06405,4
4709.98701501196,2338.653461642,14
4976.73053925783,2413.234,14
370.3728,3935.67333333333,5
1617.16597119569,4811.6083102286,5
1692.87,433.1236,5
3850.19402665527,5152.91626675983,7
1441.93868590783,3459.53730982554,4
4895.01039330868,3156.10645561452,14
3145.61347776899,2119.37355492338,14
2564.41223979589,5446.87903253576,4
3990.47327131554,5428.20090066745,7
2332.13372501146,4645.55881968532,5
1258.58206789564,3804.91361883639,5
1893.34325881565,5556.60722532691,4
3327.83502173724,1114.29807049943,7
2034.98135888578,2388.02973547935,7
1286.37231803367,4227.7769356081,5
3292.8599823438,4781.99406618207,7
1752.76037310468,4745.77213384087,4
1910.74241931922,5680.68937741585,5
3490.56364227071,484.432220389271,4
1639.76039041669,5101.15206341958,5
1398.53524786325,800.245970905285,5
1361.36659821207,3226.3984308543,4
3891.42785704133,5316.94189922791,7
3358.65014058335,1257.39780894561,7
4751.52711927691,1698.97287463925,7
2306.36024096386,3226.0634939759,7
476.5586,5175.14773913043,5
1488.2604624276,2240.17913009097,5
2586.01444429757,5378.31477285746,5
3337.16223308198,4819.63616931269,7
382.712759459459,4033.31708108108,4
2372.062,272.35424,19
922.315679992665,2116.76346313377,5
1202.67169797637,3477.90587391603,4
464.055306881622,4728.29171364551,5
4199.4022358173,2133.17742875515,14
2556.20522351998,3613.90524758629,7
3879.06644567795,5466.68425135528,7
3451.69220963818,1244.63668899112,7
4358.50528563297,1220.47504335461,4
3499.97094394674,1644.64402379657,14
3310.65352859508,1900.88866009384,14
2093.24213083698,5329.86700348548,4
2992.124,1530.956,7
4490.5624092937,1024.653461729,4
5032.66733329361,2911.42227044338,19
3608.67452755906,4767.23720684878,7
1045.60714994595,1345.06299677107,5
5199.63495133592,4738.03356487053,4
1836.80002935251,5720.39947317579,5
1267.79725714286,4379.21475675676,5
5089.55554797998,5196.1256738546,19
2441.3737115505,2174.75054358133,7
1023.20392211259,3343.40431322739,5
907.924262664689,1734.51006990591,5
2412.01134211862,5231.23380594098,4
1364.73326299688,1069.84838572006,5
852.863313266444,1851.73802006689,5
4242.19015972634,3923.33347522713,19
4068.93732222952,4761.26648020913,14
1246.0463675841,2487.19744739187,4
1687.14570950421,3859.42571007895,4
830.9079,2418.82274418605,4
4380.74856790516,3819.45943971069,19
364.420119331628,4636.43232042794,4
2180.48834849023,2578.56620906114,7
1228.93902521212,2898.50514400583,4
1085.51554934064,3348.94546915884,5
3241.12188201338,3902.55995800914,5
3378.70229179814,1193.41834974884,7
2153.79756948558,2350.55969321288,7
3330.12424913116,1742.77820518738,5
1476.02858501101,2367.74266378533,4
3192.29,853.263906666667,4
2344.93254620019,2355.87966414155,7
2533.73294223723,1344.23382975733,7
2651.06503883255,4960.93878146957,4
4300.35792407666,1165.26180380743,5
3406.44724579296,3168.48858297936,14
1757.94071305532,2022.17650896318,4
858.099510992625,2294.64035496837,4
2442.24529052397,5791.47891014493,4
1345.77277391304,892.996939130435,5
3107.56625550365,4716.17137287638,7
1195.8856726585,1894.9415166185,4
1045.697552,3583.51094382022,5
2709.79106914045,1529.60291798995,7
4406.24791746835,4033.04446583857,19
1142.49713852167,3794.14905799929,5
4882.4554400799,4305.35080342063,19
1733.05789591076,4064.3119138282,5
1882.95031709529,1366.60146183523,4
4194.25181823654,4887.89218029134,14
4755.12455043098,2779.89943863062,19
5343.34850769145,2715.99407099847,14
3075.42142838361,2557.07300683007,14
1369.68918953915,4172.14206812179,5
2616.28001846154,5222.74299692308,4
384.0384,3880.972,5
4276.29152415785,4794.27376455496,14
3442.826,1826.02121396536,14
2269.98859073463,5742.37428077656,5
3258.78350170689,1391.27019343956,7
1014.04340415225,1479.69955940023,5
3054.996344899,2844.55971708666,14
725.3207,4438.254,19
1900.336,5763.73933333333,5
1380.69357716563,4116.01133604717,4
2782.98106107062,2759.33171273146,14
1669.54335883177,4812.0002071855,5
4226.45949592694,3254.72718775946,14
4491.9998117131,1644.57662807516,7
3818.43218743525,4375.63420480883,14
3988.29292659494,4558.86845973176,14
3077.826,4449.27350487026,7
4207.14486047138,4516.95951103883,14
686.868146445183,1613.99441674419,19
2306.93899413107,5457.82295065035,4
4658.50287639302,2813.59609516156,19
2244.312,918.6174,4
1294.61592416726,4191.95476438367,5
1874.29211984283,1593.65784277983,4
2325.63730766496,1891.44532754109,7
2306.95099218637,5073.93699814237,4
4407.6306890904,1923.89160332576,14
4890.95356213258,3356.75228491683,14
2127.658,342.360266666667,5
4390.47262853378,3714.49682266469,19
958.623343371756,2080.062,5
4962.66894459705,1990.65375315424,7
889.385106635725,1973.28905620889,5
4467.05391957811,5354.19752408931,14
1468.48758491347,4609.7796908778,5
2209.35286713216,2141.66620523099,7
4282.63102921402,597.218359181011,4
964.232666666667,2085.99933333333,5
4952.62867032011,3865.38321207942,19
1782.71861789826,3450.35466517994,4
1043.58805612534,2655.07849981179,4
4095.154,703.136,4
2178.06742718484,1748.64226858922,7
2505.72795029005,1863.69245499138,7
1388.41678501742,1122.6663641115,5
1288.13840531023,3716.62891578441,4
2252.85407113437,2534.85529662113,7
3459.54119250769,3730.64985770441,14
5214.282574494,2496.68752309878,14
2072.33717196461,5367.15636172157,4
390.5938,3861.992,5
1076.30652367079,3314.91242979943,5
3864.91665384626,5148.23403827667,7
1318.80189016479,1875.25408976642,4
3806.91117660234,2992.30390176315,19
4778.84402855389,3222.12527255699,19
991.849647411444,2141.01043913538,5
4066.02075836431,1326.21493542977,4
3274.86589073303,2341.00425578047,14
3181.19458100946,5359.17510533358,4
4173.556,3809.3464624345,19
3931.66663816192,5470.766,7
2385.66995750843,3120.52832962713,7
2527.6146476423,1650.65011184688,7
1773.37367930045,1391.27523037601,5
5398.79263019179,2701.94334961746,14
4973.58101556196,1542.74952688794,4
2198.6746156453,2269.47611937443,7
1866.40441541251,3401.4800395874,4
3825.75104117134,2921.51410510122,19
5136.50009456,1881.19351890341,4
4250.43176239656,2033.78996503939,14
2883.95298204935,4434.62281759494,7
2408.07061904183,1807.4003781326,7
1122.76110918131,2529.13385098438,4
1131.61752841252,3062.54537040753,5
4957.74384837653,2745.94280604068,14
1652.0163081269,555.609061204283,5
3482.13404878186,1232.54560507032,7
2574.23851699478,5491.80174797164,4
2370.48789416396,3100.1330376986,7
2285.411,5794.813,5
5269.05580726683,3693.63354296538,4
1768.06,5260.78172577336,5
3027.79451327434,2772.75081710914,14
4142.31791533109,4937.78037895074,14
2383.97474165126,3052.5757492738,7
1534.66319850207,4134.316131384,4
2087.92454040257,2049.73828335188,7
1687.68085714827,2020.76136531946,4
5326.20445195085,2085.97578178352,7
3734.02739484447,5070.09714979551,5
3197.1799935721,3562.76825784424,14
3961.79342857143,654.66984,4
2922.56587594756,4269.88386221062,7
1487.60654933655,2355.53839254731,4
2702.6761974816,1770.56766814802,4
4984.47606358736,3552.90728781722,19
4424.81912549304,2356.79205912962,14
3873.55859581125,5362.74610591718,7
3555.246,2118.314,14
5186.47400473953,2068.60622208142,7
3104.19975199684,1334.50161865632,7
4405.29991701204,2445.5542355149,5
3607.53676777253,3569.76541792921,14
1070.62446187999,2154.64037365269,5
4859.7115826648,4709.01712002067,4
1512.61353265061,4606.72915585974,4
1685.4736538325,5186.72054329579,5
3761.07047340565,3984.67691461386,14
2677.13660471869,298.798987707199,5
2196.30328048103,2667.35015896481,7
4748.74718679076,2907.89975025791,19
2146.22934091308,1111.78445081996,4
1164.71013865428,1194.90475309553,5
2574.82990700655,3145.97524251383,7
1630.03313549741,2327.60111391558,5
2802.37318338959,297.217755129693,5
3527.71857257273,5137.81907917549,7
933.929774890255,3324.59221671827,5
1737.24850032674,5167.25098300125,4
2057.31167586207,463.023695172414,4
3729.32187224857,380.786556303858,4
2363.87603428257,308.365537034581,5
983.907630034602,1493.09855363322,5
2871.46673937153,1532.28050060951,5
2178.83953537146,2170.94235608738,7
2212.97397150354,2028.38016380566,7
4483.36065352793,1571.07510783975,7
3730.88428033985,4628.86078500142,14
1472.52337370699,2908.97842706767,5
4783.59322838085,1677.41735353504,7
1647.83342551388,1708.41749431496,4
4064.63202025357,1346.51710531722,7
3794.35199794768,2804.12981838125,14
1077.41997777778,811.025133333333,19
2363.156,791.6412,4
4860.06684513019,4267.79065468463,5
3192.56999100792,3075.24030189682,14
2530.21037825509,3475.82973832384,7
918.193370457889,2130.23833792013,5
1300.8746,1247.9642,5
1721.49820802219,5462.46794532839,5
4559.93824469956,4480.0269405848,4
2483.79324160262,3504.30669901826,7
1064.47432,1518.0788,5
3980.54130888653,5493.85529729414,5
3447.73761914306,1020.37190096098,5
2546.29761529232,401.449461448004,5
1454.5912094195,1027.47619702283,5
1296.8888,2541.65235555556,5
1115.73666870117,3494.32257427149,5
3222.08191277465,631.336632073032,4
2401.116,5663.23134253505,4
3504.40404597789,5006.94191936899,7
1357.7270705314,355.625696888889,19
4474.65527504394,1765.76130179923,7
4381.77271982245,4415.37050397748,14
499.5828,3887.00666666667,4
4808.70149055527,2567.81026281885,5
4939.39844448677,3624.31417261406,19
2214.28152007023,2358.338,7
2702.95714577787,1563.4138727836,7
4743.56051939504,3956.34858516139,14
1528.86659742637,2268.81685207329,4
2212.48022007285,3920.18239672527,7
3915.99503948235,1298.2004368877,7
1955.57266666667,523.848,5
3193.66318550373,2150.41699264791,14
2884.55390754933,2748.88154674226,14
3341.05034987241,2062.37400303349,14
2959.70606424811,2193.48003960279,14
3406.89010742243,1855.58966662922,14
1212.41038325603,3315.59934599129,4
982.888684706726,1770.64710474112,5
1682.72803139098,2898.70023854094,4
1503.99334801161,3375.228,4
1102.91550526316,1389.69003231018,5
1345.12158837859,3162.45003404291,4
1383.0804114712,3126.02671928286,4
1211.75967186285,1754.8754216296,4
2629.17724745697,1482.28830947932,7
4985.0400284013,1326.37133430974,4
1476.50279465372,4817.71062287615,5
4370.00061798673,2301.22082839766,14
1606.58273939319,5132.48331961917,5
3674.07092551987,5183.33999470522,7
1354.41657271847,1637.63599850504,4
3514.78609685722,1079.37587476578,7
1376.74862417686,1137.5503329876,5
1862.16354875479,4678.80076774333,4
1726.48941104294,3420.20337234545,4
2583.18585426583,3349.85613209889,7
3026.288,1008.69880716629,4
3614.01363428898,1419.31314889846,7
3986.36869697939,1363.65258276718,7
5405.51158293727,3246.85396311374,19
4144.26618768889,4371.10896651144,14
4253.17412447728,1155.50875283394,4
4777.58046153846,1206.0476,5
3720.89491560348,1435.37897986439,7
4013.19266666667,729.583166666667,4
5626.62378385697,2953.53880303067,14
1190.7826946601,2307.68900431083,5
1379.2912,4470.447,4
1348.83407565468,4383.57819740507,5
5332.504,3056.41535960425,19
1847.78137489449,2129.63140489784,4
378.350318139943,4781.16745620469,5
2274.23317811858,2007.97145391552,4
1616.67306540193,4678.9816992098,4
1273.24759958533,3188.04096951841,19
1272.60313700787,610.819088713911,19
4048.32220853933,3463.10667356047,4
3489.33198076387,4803.64986107672,19
2194.234,3345.744873235,4
5394.96547837953,2387.96618850846,7
1439.81236640578,1075.41388923885,4
447.474410169492,3438.04610847458,19
5281.25890531784,1865.10724208249,4
3461.3613161269,2760.24226006122,14
993.823149356296,1785.68747897944,5
5158.73650398228,2700.58441175338,14
2047.75917361022,1131.58460456416,4
4633.41534908767,2861.4455789681,5
388.8126,3691.1355,5
2236.866,335.727,5
810.698654794417,4184.34890955402,19
2169.16518602302,3620.8,7
4509.51631387545,5819.94839312924,7
3131.554,4649.90442732661,7
826.902396916579,2312.81505645904,4
2715.09852177325,3653.15431914115,7
3337.32590032378,4789.5455539981,7
5261.73587113497,4836.19350090437,19
3183.72186882591,3901.45363225172,14
5010.15630028384,1366.58303658176,4
3553.40363913273,2002.14995681497,14
3385.448,1056.18082814004,7
1783.098,2390.83823843546,4
1359.71603087928,2514.86642351211,4
3940.07962211556,2058.1910891669,14
1325.55394486702,1676.68100953257,4
2526.91534231909,3802.1816604114,7
4845.3602967513,3861.11548290122,5
1939.16113191835,4571.76503876531,5
3944.32618266169,5543.32117064494,7
1267.84718147343,1568.55260477959,4
405.536958634538,4193.69168674699,5
1797.82085648628,4185.93057161994,4
3368.23366707935,2648.52865250621,14
2578.77572036763,4092.87457498676,7
2962.14798227306,3661.84419008346,7
3506.88232117007,395.69098446064,4
5598.954,3787.51524806086,4
3232.52755845171,3073.24284074635,14
3682.27508205504,1961.28359440731,14
4828.5699848224,4372.22936151604,19
2069.50468952174,4619.69079255053,4
1316.76525922317,2523.38752129845,19
2370.09617096828,1326.517374117,4
4262.21172724428,561.069770659893,4
5314.04812258061,3523.03680700935,19
1537.48917069653,4656.6288581828,5
5017.98999231877,2249.37499828015,7
1304.87960510929,3032.9927452149,4
1435.50377134328,2669.93902898551,5
3727.526,4825.98570927973,7
2520.90338882984,3068.482,7
2014.87050559284,411.885210775283,5
2883.77888707852,2532.954,14
4511.4664603825,3033.8217387187,19
2232.46157553937,5538.74394305438,5
1793.26068414934,4592.71848358933,5
1791.81765629873,3018.48680421962,4
2072.2982730995,4991.87609512594,4
4713.056055551,2464.67017709865,14
3733.89621674295,5708.55607614246,4
3057.22924726963,3772.73974305941,14
1267.58055757335,3099.03450257895,5
1594.98625073146,4027.24971720462,4
1410.4256903764,2704.47730004336,4
4506.93472437483,3390.65276650352,19
2422.432,1692.03465172346,7
4338.09287152258,2892.45447450203,19
393.0904,4907.498,4
5015.1,2218.9827656432,7
2836.13294161217,1357.15488768179,7
1481.27951528579,2439.44839590435,5
3213.97938059527,1075.1350216037,7
2724.74110166945,1867.39638143566,7
1148.5198247933,3190.81216957413,4
1295.04392309069,3808.39139799115,4
4707.332,2154.3645408838,14
2382.53916618648,2067.36323019483,7
3816.20775551834,5239.841856933,7
1675.99489686422,5173.53190417546,5
1129.37511591605,2172.34102013179,4
880.230102143985,2714.68565176645,5
408.198144594595,4018.28215015015,5
1294.37608030601,4099.096,5
2187.91708977973,5495.53868787528,4
2720.53066331378,4189.61371364865,7
4140.50767423933,3548.27870676741,19
1127.34554301731,3551.24494800251,4
4296.51974699887,1762.19996801337,7
1244.90914076669,3996.14197481282,5
4624.21065009591,4439.39194849376,19
927.486334466217,4070.02412936731,4
3490.59601692641,1045.70858590966,7
920.058653957165,2287.30665996589,4
1595.05264691123,3207.28962166391,4
2065.45154669949,5365.0189846159,4
1772.18183149946,2401.408,4
3347.634,4647.48985578189,7
3452.62995685864,4759.21469980773,7
1570.96,644.2104,5
351.963731637622,4703.71265945866,4
2602.5527663711,4013.24681209084,7
3692.25982871537,340.034250075567,4
1851.09613670077,5469.73572991869,5
429.043521178288,5067.0157083069,4
3126.47371426487,2246.17928239982,14
1544.58685031005,4176.89398926652,4
2244.62252614393,5435.15757583208,4
1085.9930947126,1253.60948247221,5
1233.50435236941,2156.128,4
3167.30151577994,3748.04091098273,14
3134.34614910184,2809.624,14
3747.62828125029,5452.36565539678,7
3052.32612309444,2508.38593554152,14
3138.70686368212,3716.57423752303,14
1250.1917821126,4028.578,4
4708.70510550977,5021.54259718843,14
3847.79723474116,1151.87833299796,7
397.976047754521,4443.5227575696,5
1126.45082382149,3234.20192666536,5
3113.73172667295,3877.96223010609,14
3207.89325947821,5235.42209959072,4
2648.53426614621,3519.8244853895,7
1146.67402359981,3791.51837024362,5
5498.506,4172.0951331637,19
1197.69257490775,1208.66451082411,5
3716.39669474836,3132.99859674898,19
5290.86727091349,2104.81535503956,7
1285.41766622028,2430.00563020454,4
5139.50447863248,3519.22938834624,19
3514.94656736385,406.611977227575,4
1669.59517960857,733.358652146676,5
3837.15886350885,2103.76447954671,14
1212.73287965003,2271.83244279159,5
4123.98785174663,2967.29022407395,19
1738.50289189189,531.253525868726,5
3057.71358566427,5724.89142878921,4
1143.5107323555,3667.80946266542,5
1061.88142566489,1418.55366221157,5
3319.97693101225,745.446235203095,4
4682.45310681078,2903.1620652897,19
765.373707508228,3284.63110391409,19
2065.90930508519,5233.224,4
1156.94680969191,3394.04483479771,5
3331.26377667152,1587.5506229666,7
3617.05274041905,2247.92637742038,14
3073.74042669258,1888.58952200837,14
4398.396,2858.1252,4
1425.24957721362,4583.10043780732,5
1308.37530912678,1481.71605778938,4
2250.55069474544,2066.29528741508,7
4095.21199266877,3242.96838446152,19
3742.72303062213,4628.85742803943,7
3793.664,5204.3714809614,7
4029.65256148599,4391.77006848029,14
1835.62208402499,4944.66247427056,5
2029.06315519887,3506.5226136727,4
1769.94367508631,454.741452757031,5
3311.58424235069,3838.83350164205,14
1455.35451418064,2492.87791630652,5
422.144492528768,4762.97650575367,5
2213.69122307254,4972.95030079627,4
4494.99228934427,3915.5666795717,19
4707.59818149322,4343.3631685877,19
2491.68980013052,2635.76096128986,7
916.119164999405,1878.40324305727,5
3230.15260065011,3975.04082149338,14
2371.44029830179,367.863694570624,4
3644.71105519549,1241.88014175813,7
3593.98530887221,5794.95912830467,4
1740.68403882884,4571.67358058598,5
2074.49624126378,2161.75946836981,7
1333.6591488333,2092.70174361788,4
1780.46115445578,1888.51,5
4708.99816027705,4961.48141780819,14
5598.31954140016,3929.98230090439,19
5457.04032545741,2080.22562045577,4
3833.23872686912,4213.64763475427,14
2397.8299163054,3346.28854372733,7
5353.19233446889,3174.70584738777,19
1525.939589493,4179.96720739588,4
1752.87142252335,3899.60567133103,4
2129.51090217016,2232.58249640967,7
3396.55775051254,1513.62342591372,14
4334.302,2338.65554543666,14
1605.57881900669,774.268250375302,4
2438.73306805848,4195.50212410581,4
1411.61578246869,3783.55532644048,4
685.708466666667,5073.1204,19
1795.35954398798,5021.72175371512,4
4612.9429262417,3613.76530434735,19
3712.30729371696,4165.63590138669,14
3948.66857008122,2889.98512339534,19
569.422637893685,2561.88588411891,14
2931.967240307,4157.28828543258,7
1642.85080502276,3524.07965669191,4
481.404941176471,3133.78293333333,19
395.009754448399,3733.18311032028,5
3571.17390086722,1679.48824695526,14
2714.58672568204,5146.34248502355,5
4404.382,1379.13061366319,7
5128.25,1969.65338173853,7
4048.53428957031,5184.31032981896,7
1694.83732464981,1985.86463385094,4
4958.62343777952,1989.3689743948,7
2004.07173790309,4299.08127183438,4
1608.83963617312,580.124945467881,5
3003.5534016446,2732.52532174416,14
2789.08740799047,2702.74199337794,14
2222.60746071851,5802.90874312881,4
1918.35855117265,411.022155079185,5
1640.1160286821,4663.24,4
4047.87500037653,5101.99819273235,7
2423.22426024551,1602.20161654924,7
1689.63936046649,2434.22209019019,4
1798.30311558221,2271.22759272331,4
1065.14412850151,2620.14738229766,19
1444.10326613098,3013.9148523521,5
2734.81954189551,4472.58456657806,7
2939.63150247859,5494.24554619292,4
3879.658,346.58064,4
3582.68041166331,2065.52972522929,14
4391.21199385825,5733.274,7
1494.3732187491,3602.29852395739,4
1576.7340107633,4649.11682878144,4
3217.4438173104,4772.8804090499,7
2423.892,1037.0526,4
2689.612,4101.95386221951,7
3647.86047542133,3874.332830518,14
3355.96602471245,981.590379722961,4
4841.54776544147,2389.52978044431,14
1954.97117663789,707.38953350779,4
5080.31471445062,4914.49799695104,19
2182.76667198635,1935.91975937456,7
5148.40654718907,2631.08319752932,14
3045.45421455519,1376.03153870828,7
4520.73194421309,1436.65324536493,7
1540.34270670682,4260.16911295676,4
2138.03805522375,3139.87078235764,7
1018.25980939607,4187.30441617021,19
2468.08823567785,5374.63647039154,4
1293.43942130957,2786.50944517629,5
1099.02254010938,2445.8144961276,4
3315.12383238095,508.23103352381,4
3344.7432,5270.11333333333,5
4977.87967617801,4616.812,14
2917.77483972883,2286.24603768825,14
1830.96368847987,3918.91201701578,4
4099.26015482985,5446.57577690175,7
1090.81885601375,1604.96482989691,5
2672.72466666667,4017.336,19
580.02108748463,5006.40135977766,5
1551.63625181934,3191.86041808171,4
2187.86162726749,3301.41803242225,4
4740.48197884391,3244.33868943595,14
4066.83522161584,3669.96001871471,19
1483.62350373027,3229.12608270586,5
1251.08202164764,2221.43992896338,5
2912.37864070196,4433.436,7
5215.24285123864,3596.05768696749,19
1040.21150909091,1873.05833333333,5
2643.46269700918,5569.38546537285,5
1029.12039571299,2530.06607019266,4
1595.11070083188,4167.89115085441,4
1626.878,768.582933333333,4
2341.90504314295,3210.21353499995,7
4223.44648906367,1875.54053840924,7
2890.39628942446,4333.42146345693,7
391.84464703466,4883.64119303136,5
1126.99499426278,3421.73067079712,5
4705.95644502435,3709.15183330751,19
2138.94734302028,5235.80047633884,4
4150.55082128288,3613.8006610864,19
1110.24696225322,3592.04252814468,5
3191.85088172671,1662.79410891361,14
321.692228571429,5397.14028571429,5
3308.30244830307,1146.90481214681,7
560.704994475811,5143.45991169251,5
2064.3007859399,2250.38930518182,7
3780.51254423971,1976.54186807224,14
1397.36633656879,4135.75831150868,5
3673.99564599694,1100.43761489248,7
5024.69647966475,3723.73065566574,19
2977.30738531715,1593.29887360487,7
2811.58552201334,1323.80091572979,7
351.40375,4889.63733333333,4
4202.07899989507,1511.64575047566,4
4999.03501888733,5771.09298111267,14
4089.88658490457,3725.7156083888,14
1404.09347814019,2247.16532896773,4
2099.66208072804,1198.51069168344,4
3768.86020999553,2222.47501158259,14
2053.47540094224,2906.422,14
3953.74272582798,4751.34476619678,14
358.355825779114,4653.59342634875,4
1204.05570638649,2324.22680679686,5
365.620520372836,4279.30648542231,5
4364.524,934.876933333333,4
3769.428,5363.7082244351,7
1332.83238364471,3089.12537322012,4
921.827153846154,2016.552,5
1648.5178980563,593.918528438868,5
1806.97512217189,5569.78679252755,5
3721.78357509472,5283.39902228755,7
3706.78074327852,1616.89321982191,14
714.889134717416,2291.29335178777,5
2387.26909344481,2732.33867119997,5
4052.94449596271,4974.01183622031,7
1161.50120589604,2847.99417621384,5
2600.8933328372,3470.63830177986,7
3055.12307539913,4746.69895586049,7
1651.81247265191,4760.863430392,4
1304.21595646939,2517.6832253419,5
2855.60683621261,912.207981433686,4
1882.3684753177,531.912024189504,5
2529.17499672115,3342.19856580768,7
2079.04009521467,2104.26630203864,7
3212.45182066605,1469.89792896712,7
1494.80825893809,4596.43559623892,5
3816.0604,418.144,4
3417.54098390527,4869.62841945189,7
4850.54033993466,4092.29619440358,19
384.6881,3658.176,5
3889.38362477054,4140.02503388872,14
4633.85669165247,2307.29497381672,4
897.786690411719,2709.23774879783,5
2245.10171092704,1278.3063250633,4
5135.63753176502,3023.03560436769,5
1406.38393333333,2310.45,4
5044.11486355516,5004.79003643906,5
5375.53828484606,2676.55055511535,14
1597.97,734.38,5
3193.37771430155,4763.46096195195,7
1637.62006307876,4719.84513269347,4
2189.25279987168,572.226844564187,4
1915.27581611372,5380.84829546215,4
2822.40540238605,1349.02555393718,7
3348.70095965918,5826.00233358729,5
2333.09438680193,3050.2128275858,7
514.252303633987,2144.63918711755,19
3310.44826473079,5718.28327964376,4
1410.00436053289,2338.95083164006,4
2132.184,5103.357,4
3634.27907736009,856.254078980534,4
1615.45761337918,2384.80526650998,4
2786.77164795918,5177.41475510204,4
1258.16018064516,4750.20125,19
3223.5948757559,4616.07293972053,7
1775.91303761778,2113.42230838233,4
4434.81509228513,1735.85427005871,7
1369.14003244217,982.386776067794,5
4154.22457378303,4769.87816049634,14
1999.37030473908,1860.61281055867,4
3857.13979148153,4166.19622063879,14
2358.05459458013,2239.77053260317,19
1053.03090563753,3088.53932531256,5
1792.17641478667,4015.117677996,4
2197.8546598892,1256.29097710498,4
949.830764382665,2722.05618931169,4
2208.06801699717,5665.94607932011,4
3047.51808676798,2915.90680878168,14
2874.49958237885,2223.35579030837,5
2324.61494673098,331.862066467275,4
4860.32775886477,4487.78646057477,19
1252.55860237232,3633.35403213671,5
1321.34749060762,4233.562,5
1628.11557644761,4817.35078003413,5
3863.6272,401.643753846154,4
1637.26494766765,3430.0974977856,4
451.564925373134,4689.23453731343,5
1709.62567055908,1520.20943985652,4
4199.45978008848,4239.55574524227,14
5462.73407723647,2659.36960794031,14
496.988171428571,4875.67,5
3326.95170212766,5570.3745,5
4141.386363365,547.507446341723,5
1890.06630795733,1219.76656167746,5
3163.94902055233,4605.05650479526,7
2095.63607901061,1716.61016804515,7
4648.76792006723,2323.31777572192,14
1887.70234042553,690.164538534279,5
1874.50978201158,2686.34346524876,4
3796.95290580256,3743.35825320271,14
1401.2427010989,848.742006279435,5
958.802598449612,2071.41593281654,5
2541.47299559956,2285.76222481072,7
1013.86370795848,3037.77185986159,19
3675.78657891945,2931.43516821371,14
563.852,3768.21133333333,19
4215.20706353633,1856.78735047075,19
3505.5533502418,405.847792531949,4
2893.4274763614,4260.56646282024,7
1001.70575378794,3175.46138456943,5
1593.64264528527,4586.66576766307,4
2431.51039860099,3982.8716080795,7
3839.23654178817,1040.81002401119,4
4196.36470914967,5399.06405792801,7
5229.83904903187,3460.60785836072,19
3291.39075998458,1581.62971856192,7
1354.9303835826,1894.090826935,4
1629.66024282385,3918.66122415651,4
930.063641583489,1908.06265288345,5
353.221312228402,4647.80737233964,5
4917.20863162003,4201.98542618542,19
2711.10463461175,1414.79342806925,4
3162.83142497689,5401.5071138804,5
4936.29349424117,2477.2049765335,14
1098.59028485693,3305.34931783004,5
3646.87142857143,350.1372,4
394.5212,3983.026,5
1917.7172416634,3094.83718570646,5
2771.24310332418,5330.59785593416,4
3743.91486762667,1519.68119516298,7
1750.70630860954,5635.27262592998,5
4686.83491374519,4145.49962448292,19
2040.70290287353,4968.89909895577,4
4845.66974823342,2883.87898991549,14
1099.06264643657,3576.37763016422,5
3042.29624148026,1889.678,14
4890.95832343829,3545.41776509413,14
5513.89969685621,2883.34400591726,5
3151.49430019596,5333.41037806034,4
5290.64124290168,3888.11334408205,5
1063.58392857143,4530.29372727273,19
3423.48758646617,2198.62140977444,14
4594.11919497189,4025.91319723501,19
3469.252,2270.15582376653,14
1189.22128770718,2914.05456659763,4
2437.88844183314,3245.07783548766,7
379.0306,4032.958,4
4999.89214763585,4578.4361465554,19
1095.31880267906,2094.21595667883,4
1624.23319938948,3326.2639884015,4
3999.17274028716,2358.922,14
4537.03661089098,3236.75396852951,19
4387.03945608108,3505.99007528958,19
3042.21502642877,3137.36545532004,14
3982.85579367942,3505.67202507566,19
2590.12119116883,5726.27281333333,4
2497.82318729573,1782.0640940888,7
3910.82064950707,1275.32872313686,7
3484.88417663674,1976.18099426101,14
1147.8781499082,4011.05998860045,5
3720.69251817415,3893.44327148087,14
2106.56403026553,2093.87294005796,19
4085.63388155831,5273.81572452936,7
2400.56871599887,313.03529376784,4
3216.03049746594,1810.39397001373,14
4361.44629350428,4427.59084666687,14
5397.14831884697,2277.54141437386,7
1606.02514959884,4249.75484702445,4
4130.14032761137,5556.42293238036,7
1318.89279654593,5383.31132124593,19
3522.55391266041,391.789892959133,4
4752.90640357387,1727.65494601962,7
4494.902,921.4206,4
2537.64635099254,1374.93256901585,7
1961.80234430058,367.901628905582,5
4104.56844668146,2516.31,14
4718.72,958.458876833712,4
1629.41029345531,4867.9417440706,5
3703.97786031688,4048.13722994743,14
3613.8677676414,3983.31809289055,14
3083.19887714663,341.8036665786,4
2144.45069761445,2163.47742939123,7
2360.19711342829,4266.87654883894,5
3555.49790933993,1258.41439606021,7
4307.35266809431,2237.1436369739,14
3260.6475982482,3316.09866073511,14
1702.506,2163.47045232595,4
3089.74714015354,2281.76513189632,5
1492.33674484757,4470.3924547941,5
1323.51141443352,2703.50322685601,5
1129.30461268151,3824.79293123312,5
4212.43427975972,3524.878,19
4801.85791734282,1563.62225528804,4
5285.1570483863,3775.83579905693,19
2358.62893411973,5338.05601218597,4
352.480289417872,4707.72236188357,4
5067.00396061319,2725.9493689497,14
4545.02169388142,4845.82506062584,14
3233.82653205128,3439.44200727405,14
2134.50717849016,5313.2827882635,4
3218.03886502889,566.347373255132,5
2305.23579799685,3373.06006779255,7
4935.0234540112,2539.39974970061,14
3110.37807428924,2581.02820158011,4
2483.0603702108,3885.20845912589,7
1245.49146185547,2755.36044404055,5
4202.88254132949,2947.87445578082,19
5319.7262530092,3718.8603447382,19
742.98175497381,5200.17957902026,19
3812.90545138842,5355.05930821686,7
395.083581828846,4369.9604075317,5
1013.79779259658,3252.33964324298,5
1892.83053623489,5351.77733956455,5
4259.23545789192,4539.93587038378,14
1114.44673137983,1886.71535772854,4
4428.326,2195.10723394456,14
4088.949,608.7032,4
1345.44931030578,3972.49118324378,4
1077.82286189605,3425.37231296969,5
3121.46433288784,1009.70025341973,4
3800.35244652905,2385.24007563933,5
2341.64255673981,5607.67102751497,4
1353.48273540491,2495.18816913192,5
1188.80858044457,2602.24617942144,5
2514.412,3190.8918438153,7
4411.4063189465,2687.26830864754,19
384.667778378378,4028.90551351351,5
4739.36904858534,1077.35673471092,4
1343.16343504924,1567.70272311102,4
875.609971428571,2227.18133333333,5
2002.43789374066,4359.91211662686,4
5877.14157504258,4784.30899040814,7
3973.0334321784,1273.85640518294,7
1229.40290838984,4147.18380739722,5
5094.69032208746,5729.45154424588,14
2913.51342857143,5818.80914285714,4
1221.40149292055,1997.62012110038,4
4562.37108647637,2738.24537171536,19
5224.02930391338,4021.28193086549,19
1258.6806,996.7931,5
4952.76002087615,4099.3272098734,19
3057.4376779608,1362.82707324661,7
2049.41756334705,2168.80309091979,4
2514.39768276853,3535.974,7
1228.67428181818,4892.51996428572,19
1045.47842054983,1619.83588316151,4
4195.37115460652,562.755905182957,4
2080.60561242604,3918.64587455621,5
2328.2912921748,5756.86056789163,4
4633.97801930102,5731.38832596936,7
4152.2138302342,5548.2499996269,7
1556.75622914761,2497.04113695334,4
3495.27429348176,1754.56274385236,14
1426.25820470889,818.619788280428,5
4493.29880441471,1624.59588820543,7
1564.9419545025,3388.52066719476,5
2903.98278644965,4669.23798193945,19
1102.35717770441,2896.24175314394,5
2645.77234262859,1489.8330025877,7
2201.540190693,5718.27385188691,4
4325.81872081822,4659.36597873491,14
1484.21721686239,2745.31425870687,4
5081.26067687862,1722.25229228401,5
2353.86548921746,2260.68513982998,7
3309.21271364235,508.229764054597,4
4190.10477391669,1009.93999976656,4
2714.21140492795,1167.30281129072,4
3899.37712809496,5359.34747346704,7
4500.35750643296,4073.6768125568,19
2696.27608625218,2066.55743474094,7
2216.69694297612,5024.41393540166,4
1791.50388093607,4656.58909134345,4
1961.78321557393,1811.76428859042,4
4904.24838218039,1928.38961329132,7
1205.62495371857,3998.32451962826,5
4475.84643864291,4836.21504231815,7
598.624589446049,5150.92590253089,5
573.950831243124,3637.98270627063,19
3118.26996068165,1927.55813343647,14
3670.82074145377,1105.968658002,7
3561.11853267605,5853.66599665212,4
362.361624308882,4303.48060898137,5
2441.23445956671,1471.51068033517,4
1718.09536352945,2620.85433037037,4
1289.52435834978,2752.87712155456,5
2037.13286720061,5401.51443568725,4
2135.67964727769,4552.5583069577,4
1646.59197310471,1038.05867717818,4
1490.076,2494.37794987132,4
2358.9976824524,329.895376216846,4
2132.69821856496,2183.78798049684,7
2856.57200212668,2444.61180079255,14
2675.57166666667,5631.877,4
3536.41392650556,3747.16565214532,5
1997.84976542786,2210.28652853006,7
2365.55072176309,4617.91330241737,4
2746.85467192037,3398.90500718851,7
3851.00000471056,1252.35508518967,7
4002.72487015092,4475.68116928268,14
2480.01857142857,701.092,4
1538.329,1149.7135,5
1492.66277211039,2675.51752403291,4
3890.07220653881,5676.36604805273,7
4221.31915722941,1612.73519842308,7
1144.7641,2653.769,5
3178.274,4348.86044888112,7
5066.66947819157,2116.08749720949,7
2834.96835048484,2691.656,14
4743.20202408873,4944.24970415835,14
1951.65480629723,1810.82073366166,4
1396.30562601934,3972.48457832319,5
2156.23508855447,1339.46998838853,4
4029.99545170378,3913.43820984664,14
789.516723014635,3476.71213485657,19
1320.88894575222,2492.72384073512,5
1342.18927929832,2740.77927192756,5
4356.13913179599,1298.24543269097,7
3317.81752469328,4734.0045648507,7
2035.47691959221,3104.0535667583,7
4655.67738749483,5084.46422772972,14
3320.94426788876,3567.218,14
1711.12,2120.73629229058,4
1451.67511499024,2156.87133861573,4
2661.42253657497,5496.90696227604,4
3080.24343184526,943.869388083363,7
1440.9376394148,800.205576402943,5
871.208996858028,3976.6562910406,5
382.599680390244,4862.51148292683,4
3253.67764656604,3955.03335019637,14
4959.94871190921,2373.29598429477,14
1802.81754985627,4276.60565229271,4
4053.87185964912,938.786765118679,4
1542.27087001457,3516.32188973681,4
4259.404,1459.48319615826,7
5217.90799524034,2752.34641161499,4
4058.70168266381,2410.08099606461,14
636.994963017214,2102.85158821399,19
3488.66719026917,4226.46394860964,7
1461.21666666667,2644.644,4
1604.21551418241,2498.4388174916,5
3924.33590357001,5423.70338808737,7
3561.15485670986,5790.89992441202,4
3706.76439873325,5132.35626565948,7
4252.31981412376,1457.63572596453,7
5059.484,2066.76538246667,7
4096.43848333524,941.253691338743,4
3087.59144053581,2786.1721240889,14
5136.84979289121,1967.6254637486,7
2385.57701039012,1654.25940810486,7
3942.146,5608.5823117413,7
4449.42639801395,5825.59255368719,7
3211.63617836038,1361.82430064811,7
4483.35139202836,3867.44955915977,5
2811.17610280374,5819.87707242991,4
3234.51000371344,1109.19148069019,7
4257.18511996962,2773.22022004104,19
4592.68324929849,1651.2169290437,7
2663.3123374882,4261.05214913592,7
2901.61468233725,1310.87430282874,7
521.304587395619,4953.13693908088,5
4815.85718161165,2216.97899372969,4
4932.026,4477.01091820654,5
1010.38699650044,3882.38409973753,19
2789.48512533767,1682.1237984129,14
4274.6856011149,5622.26098171175,7
846.189233333333,1836.47142857143,5
702.986766782007,2172.57688427528,5
3690.96288770639,3735.57404445388,14
3160.65791772873,4881.11156517663,7
4376.15526241987,1262.88555025252,7
3662.11312839828,1521.57628935659,5
1650.00492374462,747.290954796053,19
1598.55285394032,805.900951832687,5
3142.32120297096,3404.16382086812,14
4849.90646258503,5795.81397732426,7
3439.27289995388,1112.72072174368,7
3297.57221854024,4698.18955123295,7
2281.02048677412,1311.79232135528,4
